dma_code,interval_idx,f_min,f_max,f_latest,p_min,p_max,p_latest
56-01-01,0,0.0,133.37,120.421,2.37,3.91,2.619
56-01-01,1,0.0,127.95,118.079,2.24,3.11,2.591
56-01-01,2,0.0,125.53,115.827,2.29,3.06,2.584
56-01-01,3,0.0,120.73,112.991,2.33,3.02,2.569
56-01-01,4,0.0,120.09,111.104,1.12,2.98,2.556
56-01-01,5,0.0,118.55,108.043,1.73,3.05,2.559
56-01-01,6,0.0,110.07,105.539,2.3,3.01,2.517
56-01-01,7,0.0,108.38,102.951,2.32,2.99,2.426
56-01-01,8,0.0,108.89,102.507,2.33,3.05,2.44
56-01-01,9,0.0,108.02,102.477,2.33,3.13,2.479
56-01-01,10,0.0,108.96,102.121,2.32,3.19,2.507
56-01-01,11,0.0,108.3,102.32,2.33,3.21,2.521
56-01-01,12,0.0,113.13,108.164,2.51,3.67,2.809
56-01-01,13,0.0,129.7,121.231,2.64,4.1,3.601
56-01-01,14,0.0,142.47,130.149,2.68,4.9,4.201
56-01-01,15,0.0,150.73,138.693,2.76,5.92,4.813
56-01-01,16,0.0,159.26,150.23,4.22,6.01,5.484
56-01-01,17,0.0,165.49,156.59,5.56,6.53,5.893
56-01-01,18,0.0,174.57,165.163,5.95,6.97,6.291
56-01-01,19,0.0,186.94,174.784,6.29,7.67,6.793
56-01-01,20,0.0,198.16,187.99,6.57,7.83,7.453
56-01-01,21,0.0,207.75,196.263,6.65,7.97,7.511
56-01-01,22,0.0,216.26,202.926,6.77,8.24,7.581
56-01-01,23,0.0,228.26,211.187,6.84,8.15,7.65
56-01-01,24,0.0,244.58,229.906,5.96,8.69,8.017
56-01-01,25,0.0,262.81,249.569,6.45,9.26,8.474
56-01-01,26,0.0,269.07,259.224,7.73,9.51,8.741
56-01-01,27,0.0,273.63,263.096,7.88,9.68,8.756
56-01-01,28,0.0,279.74,271.493,7.87,9.63,8.821
56-01-01,29,0.0,279.19,271.38,8.33,9.68,8.916
56-01-01,30,0.0,282.51,269.371,8.35,9.56,8.876
56-01-01,31,0.0,280.78,269.049,8.41,9.6,8.853
56-01-01,32,0.0,284.17,268.62,8.27,9.67,8.736
56-01-01,33,0.0,289.32,269.247,8.2,9.83,8.643
56-01-01,34,0.0,287.07,268.27,8.1,9.76,8.549
56-01-01,35,0.0,287.52,267.446,7.97,9.68,8.441
56-01-01,36,0.0,288.66,263.783,7.81,9.63,8.274
56-01-01,37,0.0,288.36,259.2,7.59,9.69,8.024
56-01-01,38,0.0,285.87,254.55,7.3,9.52,7.786
56-01-01,39,0.0,289.91,252.56,6.99,9.53,7.689
56-01-01,40,0.0,287.57,248.161,6.73,9.54,7.499
56-01-01,41,0.0,286.55,243.453,6.29,9.11,7.4
56-01-01,42,0.0,285.22,239.669,6.18,9.2,7.359
56-01-01,43,0.0,279.47,235.06,6.05,8.94,7.261
56-01-01,44,0.0,272.42,231.141,6.16,8.74,7.126
56-01-01,45,0.0,265.74,226.793,6.17,8.74,7.049
56-01-01,46,0.0,255.09,221.936,6.1,8.37,6.924
56-01-01,47,0.0,248.48,218.68,6.13,8.09,6.831
56-01-01,48,0.0,245.99,218.031,6.02,7.84,6.771
56-01-01,49,0.0,242.19,212.34,6.02,7.74,6.711
56-01-01,50,0.0,239.73,208.91,6.07,7.69,6.629
56-01-01,51,0.0,240.58,207.013,5.99,7.66,6.58
56-01-01,52,0.0,238.46,203.987,5.86,7.56,6.529
56-01-01,53,0.0,233.86,203.08,5.84,7.47,6.493
56-01-01,54,0.0,231.75,200.849,5.84,7.48,6.483
56-01-01,55,0.0,231.95,200.324,5.82,7.62,6.469
56-01-01,56,0.0,226.78,199.173,5.84,7.44,6.477
56-01-01,57,0.0,223.88,198.917,6.01,7.46,6.509
56-01-01,58,0.0,222.17,199.701,6.11,7.49,6.56
56-01-01,59,0.0,221.81,203.087,6.27,7.54,6.626
56-01-01,60,0.0,230.33,210.591,6.36,7.62,6.727
56-01-01,61,0.0,230.67,210.611,6.53,7.74,6.906
56-01-01,62,0.0,221.77,208.114,6.62,8.15,7.027
56-01-01,63,0.0,222.6,208.346,6.7,8.1,7.097
56-01-01,64,0.0,226.68,214.55,6.84,8.06,7.199
56-01-01,65,0.0,235.05,220.694,6.97,8.21,7.366
56-01-01,66,0.0,241.09,225.933,7.05,8.35,7.634
56-01-01,67,0.0,236.53,226.23,7.02,8.44,7.666
56-01-01,68,0.0,254.37,234.196,7.14,8.71,7.944
56-01-01,69,0.0,253.9,236.099,7.26,8.78,8.041
56-01-01,70,0.0,252.09,236.717,7.42,8.73,8.081
56-01-01,71,0.0,252.94,238.707,0.53,8.8,8.15
56-01-01,72,0.0,252.59,240.35,0.0,9.03,8.174
56-01-01,73,0.0,249.9,240.45,0.0,9.03,8.223
56-01-01,74,0.0,252.82,244.006,0.0,8.88,8.217
56-01-01,75,0.0,246.76,241.394,0.0,8.89,8.274
56-01-01,76,0.0,248.26,241.23,0.0,8.83,8.276
56-01-01,77,0.0,250.22,241.28,0.0,8.86,8.297
56-01-01,78,0.0,246.22,240.791,0.0,8.86,8.271
56-01-01,79,0.0,247.63,242.341,0.0,8.81,8.253
56-01-01,80,0.0,252.38,246.697,0.0,8.83,8.284
56-01-01,81,0.0,250.29,246.389,0.0,8.93,8.347
56-01-01,82,0.0,246.03,241.15,0.0,8.84,8.264
56-01-01,83,0.0,244.6,239.823,0.0,8.73,8.169
56-01-01,84,0.0,240.94,230.95,0.0,8.47,7.727
56-01-01,85,0.0,234.78,217.961,0.0,8.09,6.973
56-01-01,86,0.0,225.66,209.06,0.0,7.71,6.55
56-01-01,87,0.0,216.92,204.979,5.19,7.38,6.47
56-01-01,88,0.0,199.0,192.07,5.5,6.64,5.803
56-01-01,89,0.0,187.3,174.151,4.15,5.71,4.894
56-01-01,90,0.0,170.88,156.299,2.88,4.86,4.031
56-01-01,91,0.0,151.73,138.11,2.64,4.06,3.147
56-01-01,92,0.0,141.09,129.909,2.18,4.33,2.714
56-01-01,93,0.0,138.52,128.896,2.23,4.26,2.77
56-01-01,94,0.0,134.75,125.197,2.39,4.06,2.677
56-01-01,95,0.0,134.07,123.14,2.43,4.0,2.653
56-01-03,0,115.24,1069.08,558.356,3.385,5.425,4.101
56-01-03,1,113.95,1078.56,549.879,3.36,5.42,4.108
56-01-03,2,108.84,1089.86,547.361,3.485,5.445,4.11
56-01-03,3,106.31,1104.74,541.616,3.555,5.48,4.114
56-01-03,4,116.69,1117.7,538.553,3.665,5.56,4.111
56-01-03,5,107.08,1129.32,538.01,3.53,5.64,4.104
56-01-03,6,101.97,1137.43,540.243,3.485,5.665,4.083
56-01-03,7,97.07,1139.15,537.163,3.245,5.755,3.979
56-01-03,8,97.92,1138.16,534.386,3.175,5.71,3.919
56-01-03,9,99.51,1137.46,530.931,3.345,5.755,3.9
56-01-03,10,98.14,826.24,528.079,3.16,5.73,3.846
56-01-03,11,98.23,821.74,528.041,3.36,5.695,3.858
56-01-03,12,101.54,840.18,533.307,3.665,5.8,4.099
56-01-03,13,103.94,840.0,538.331,3.91,6.0,4.459
56-01-03,14,110.92,768.69,539.869,3.92,6.05,4.678
56-01-03,15,101.26,727.96,540.216,3.9,6.255,4.869
56-01-03,16,105.36,726.16,548.681,3.83,6.335,5.115
56-01-03,17,110.55,723.35,557.269,3.72,6.47,5.384
56-01-03,18,118.87,724.65,569.336,3.64,6.61,5.773
56-01-03,19,126.65,726.27,581.116,3.53,6.81,6.166
56-01-03,20,146.26,721.29,599.279,3.305,6.91,6.613
56-01-03,21,148.82,716.61,604.786,3.245,7.02,6.609
56-01-03,22,154.69,715.19,614.954,3.19,7.04,6.617
56-01-03,23,155.79,714.19,626.387,3.11,6.87,6.572
56-01-03,24,157.18,709.28,647.461,3.105,6.995,6.634
56-01-03,25,148.19,720.74,669.601,2.945,7.085,6.759
56-01-03,26,149.19,727.58,679.959,3.13,7.035,6.847
56-01-03,27,144.6,727.12,684.134,3.125,7.02,6.807
56-01-03,28,142.42,724.99,682.693,3.15,7.07,6.844
56-01-03,29,139.68,722.97,681.944,3.165,7.15,6.909
56-01-03,30,145.35,719.67,681.637,3.165,7.255,6.898
56-01-03,31,140.86,730.63,679.347,3.145,7.13,6.861
56-01-03,32,140.65,738.15,677.659,3.135,6.985,6.763
56-01-03,33,137.52,738.38,680.627,3.14,7.0,6.715
56-01-03,34,136.61,738.69,673.82,3.14,7.005,6.661
56-01-03,35,137.47,734.74,668.951,3.13,6.99,6.621
56-01-03,36,136.75,737.68,662.961,3.13,6.93,6.5
56-01-03,37,135.72,735.66,663.747,3.15,7.095,6.293
56-01-03,38,139.86,735.15,652.466,3.185,7.22,6.128
56-01-03,39,142.77,741.24,654.613,3.23,7.08,6.049
56-01-03,40,142.12,735.59,649.714,3.22,6.945,5.911
56-01-03,41,141.32,727.83,643.633,3.285,7.06,5.838
56-01-03,42,141.56,732.15,641.813,3.305,7.09,5.767
56-01-03,43,140.87,730.95,632.031,3.33,7.0,5.713
56-01-03,44,145.07,725.06,623.414,3.395,6.625,5.647
56-01-03,45,147.22,717.49,616.101,3.475,6.52,5.565
56-01-03,46,145.22,715.82,616.477,3.48,6.37,5.487
56-01-03,47,148.42,715.98,610.163,3.5,6.325,5.444
56-01-03,48,149.68,705.99,605.25,3.505,6.3,5.414
56-01-03,49,151.7,704.02,605.98,3.53,6.305,5.401
56-01-03,50,152.07,718.07,601.323,3.555,6.4,5.366
56-01-03,51,147.24,714.38,605.603,3.635,6.37,5.342
56-01-03,52,143.56,706.04,599.604,3.76,6.385,5.322
56-01-03,53,144.17,701.44,585.511,3.77,6.415,5.326
56-01-03,54,144.83,697.06,584.013,3.76,6.435,5.337
56-01-03,55,145.04,696.46,581.619,3.765,6.52,5.347
56-01-03,56,144.57,700.92,580.293,3.795,6.495,5.361
56-01-03,57,144.81,702.47,579.529,3.8,6.55,5.396
56-01-03,58,146.57,706.31,578.06,3.78,6.645,5.455
56-01-03,59,151.32,709.32,579.067,3.78,6.73,5.54
56-01-03,60,147.47,717.04,580.024,3.79,6.7,5.635
56-01-03,61,149.93,711.25,581.72,3.79,6.7,5.773
56-01-03,62,148.26,707.35,583.84,3.22,6.755,5.881
56-01-03,63,167.12,703.37,584.501,3.73,6.955,5.946
56-01-03,64,151.4,694.61,587.494,3.325,6.735,6.0
56-01-03,65,151.46,691.81,589.183,3.205,6.62,6.129
56-01-03,66,147.04,690.87,599.246,3.22,6.69,6.304
56-01-03,67,142.56,688.52,602.169,3.135,6.805,6.354
56-01-03,68,136.35,685.77,608.217,2.965,7.095,6.545
56-01-03,69,135.76,695.37,611.794,2.825,7.175,6.597
56-01-03,70,127.67,700.93,590.879,2.8,7.145,6.618
56-01-03,71,123.42,704.76,590.734,2.775,7.17,6.661
56-01-03,72,117.76,708.96,600.091,2.745,7.175,6.678
56-01-03,73,113.43,702.26,603.373,2.72,7.215,6.694
56-01-03,74,110.96,699.46,607.474,2.73,7.225,6.714
56-01-03,75,107.79,703.82,611.939,2.735,7.185,6.738
56-01-03,76,108.51,711.1,621.15,2.735,7.145,6.709
56-01-03,77,110.01,706.27,615.14,2.73,7.105,6.693
56-01-03,78,106.87,713.11,619.059,2.71,7.08,6.676
56-01-03,79,103.06,718.31,624.701,2.69,7.03,6.656
56-01-03,80,94.57,716.64,627.689,2.48,6.995,6.636
56-01-03,81,92.1,715.85,630.837,2.43,7.07,6.708
56-01-03,82,89.61,709.08,623.386,2.3,6.975,6.676
56-01-03,83,87.33,705.72,626.934,2.115,6.975,6.653
56-01-03,84,87.44,700.63,616.509,2.11,6.855,6.339
56-01-03,85,89.01,695.26,605.347,2.195,6.53,5.841
56-01-03,86,91.84,710.76,598.916,2.285,6.31,5.629
56-01-03,87,92.61,721.4,589.423,2.39,6.06,5.501
56-01-03,88,92.29,746.26,574.399,2.545,5.395,5.052
56-01-03,89,93.12,790.71,566.496,2.75,4.985,4.685
56-01-03,90,94.04,957.83,559.634,2.79,4.675,4.439
56-01-03,91,94.18,1033.88,549.719,2.835,4.665,4.203
56-01-03,92,100.81,1044.16,544.191,2.87,4.7,4.081
56-01-03,93,105.23,1045.36,540.489,2.92,4.905,4.101
56-01-03,94,107.56,1049.85,536.757,3.125,5.26,4.092
56-01-03,95,116.41,1059.52,522.156,3.295,5.435,4.101
56-01-05,0,267.23,306.16,281.413,3.46,5.4,3.986
56-01-05,1,255.29,301.79,275.551,3.1,4.62,3.884
56-01-05,2,254.11,290.47,268.94,3.17,4.57,3.807
56-01-05,3,247.36,287.41,260.896,3.14,4.38,3.71
56-01-05,4,242.04,283.67,256.589,3.15,4.38,3.646
56-01-05,5,237.65,272.18,250.294,3.06,4.47,3.601
56-01-05,6,234.34,265.32,243.091,3.1,4.08,3.463
56-01-05,7,230.84,261.13,236.891,3.08,3.98,3.334
56-01-05,8,225.91,259.52,236.51,3.08,4.0,3.343
56-01-05,9,224.92,257.23,238.007,3.09,4.02,3.376
56-01-05,10,222.61,256.39,237.164,3.08,4.07,3.377
56-01-05,11,222.76,261.14,235.36,3.15,4.22,3.39
56-01-05,12,235.76,284.73,255.7,3.35,4.74,4.113
56-01-05,13,241.69,296.06,277.54,3.42,5.47,5.187
56-01-05,14,242.02,318.58,292.736,3.45,6.68,5.929
56-01-05,15,248.67,334.35,306.424,3.74,7.67,6.694
56-01-05,16,309.26,354.57,328.94,6.67,8.2,7.721
56-01-05,17,320.8,375.69,341.129,7.4,8.96,8.316
56-01-05,18,329.8,387.19,357.529,7.88,10.08,9.057
56-01-05,19,344.8,415.39,379.504,8.39,11.27,9.959
56-01-05,20,360.31,454.81,422.217,8.6,12.12,11.454
56-01-05,21,372.7,465.65,432.949,8.74,12.16,11.421
56-01-05,22,377.29,487.71,447.374,9.08,12.48,11.501
56-01-05,23,397.57,526.71,468.654,9.29,13.14,11.634
56-01-05,24,441.92,608.94,526.009,9.21,15.43,12.876
56-01-05,25,483.23,650.91,569.213,11.27,16.66,14.026
56-01-05,26,519.05,686.46,599.026,11.99,17.26,14.826
56-01-05,27,533.87,684.85,609.297,12.49,17.46,15.024
56-01-05,28,553.77,689.94,621.017,12.55,17.28,15.397
56-01-05,29,569.74,688.2,628.574,13.33,17.14,15.584
56-01-05,30,570.58,698.45,627.011,13.56,17.13,15.451
56-01-05,31,573.47,695.22,622.087,13.47,17.24,15.319
56-01-05,32,567.85,708.33,619.986,12.93,17.58,15.147
56-01-05,33,558.27,709.55,616.239,12.7,17.54,14.984
56-01-05,34,554.14,715.57,614.77,12.62,17.21,14.756
56-01-05,35,547.86,706.16,612.574,12.35,17.04,14.514
56-01-05,36,542.12,701.76,605.043,11.74,16.94,14.044
56-01-05,37,534.66,699.31,595.417,11.11,16.96,13.649
56-01-05,38,518.18,688.5,578.086,10.58,17.03,13.219
56-01-05,39,510.41,679.3,569.434,10.47,17.04,13.047
56-01-05,40,491.66,680.96,561.034,9.73,17.07,12.62
56-01-05,41,485.55,674.43,556.561,9.23,16.4,12.454
56-01-05,42,482.88,655.02,552.393,9.25,16.52,12.387
56-01-05,43,466.31,636.27,544.003,9.16,16.2,12.287
56-01-05,44,459.72,637.61,533.193,9.33,16.18,11.953
56-01-05,45,454.45,615.38,523.191,9.31,15.57,11.753
56-01-05,46,450.63,611.38,514.364,9.24,15.07,11.417
56-01-05,47,450.32,588.73,510.886,9.22,14.56,11.159
56-01-05,48,449.54,583.79,508.329,9.08,13.98,10.946
56-01-05,49,448.63,572.34,499.227,9.11,13.66,10.731
56-01-05,50,441.82,569.39,486.266,9.1,13.61,10.543
56-01-05,51,427.59,554.46,482.971,8.93,13.3,10.43
56-01-05,52,431.63,542.55,480.991,8.95,12.97,10.266
56-01-05,53,438.91,539.74,479.074,8.98,12.8,10.173
56-01-05,54,443.0,535.29,474.427,8.77,12.5,10.133
56-01-05,55,430.21,525.5,466.79,9.03,12.46,10.1
56-01-05,56,432.58,519.66,467.216,8.72,12.24,10.043
56-01-05,57,403.36,521.98,468.317,8.63,12.02,10.044
56-01-05,58,436.25,526.9,466.44,9.23,11.83,10.047
56-01-05,59,438.84,523.74,465.56,9.0,11.65,10.097
56-01-05,60,444.29,524.7,472.923,9.18,11.81,10.263
56-01-05,61,440.6,539.58,474.321,9.36,11.96,10.477
56-01-05,62,431.0,543.25,474.197,9.39,12.15,10.567
56-01-05,63,435.41,536.29,482.041,9.45,12.13,10.629
56-01-05,64,452.12,542.66,493.723,9.67,12.64,10.919
56-01-05,65,459.96,553.69,501.766,10.03,13.1,11.337
56-01-05,66,461.59,576.13,510.413,10.1,13.32,11.884
56-01-05,67,454.18,566.0,513.63,9.61,13.08,11.804
56-01-05,68,15.14,583.29,533.75,0.0,14.5,12.399
56-01-05,69,0.0,607.95,538.134,0.0,14.41,12.513
56-01-05,70,284.98,612.86,541.299,4.26,14.23,12.661
56-01-05,71,345.15,601.57,542.577,10.01,14.36,12.849
56-01-05,72,358.46,627.49,549.741,11.23,14.51,13.103
56-01-05,73,424.65,621.4,547.437,11.18,14.66,13.193
56-01-05,74,500.87,610.23,544.186,11.16,14.71,13.337
56-01-05,75,350.75,601.38,538.62,11.35,14.53,13.447
56-01-05,76,351.19,617.22,537.829,11.7,14.62,13.547
56-01-05,77,346.57,624.04,538.166,11.69,14.82,13.523
56-01-05,78,346.1,623.59,538.521,11.49,14.68,13.504
56-01-05,79,341.09,627.6,536.89,11.61,14.7,13.514
56-01-05,80,505.27,623.49,545.797,11.44,14.31,13.677
56-01-05,81,500.2,642.57,548.869,11.3,14.43,13.769
56-01-05,82,495.91,625.6,536.907,10.25,14.13,13.386
56-01-05,83,493.75,606.81,528.906,11.06,14.05,13.133
56-01-05,84,435.15,576.87,500.414,9.29,13.25,11.964
56-01-05,85,415.9,556.06,474.299,8.02,12.4,10.714
56-01-05,86,404.1,529.2,460.726,7.24,11.7,10.096
56-01-05,87,425.62,500.66,451.661,8.58,11.05,9.879
56-01-05,88,384.69,449.52,419.356,7.55,9.52,8.691
56-01-05,89,364.18,439.73,394.473,6.05,8.6,7.78
56-01-05,90,325.22,417.0,363.134,4.65,7.82,6.584
56-01-05,91,312.17,370.73,326.656,3.93,6.67,5.153
56-01-05,92,286.84,356.12,311.029,3.14,6.78,4.451
56-01-05,93,290.02,341.1,306.93,3.16,6.31,4.491
56-01-05,94,281.37,327.88,299.284,3.75,5.81,4.287
56-01-05,95,275.7,318.99,290.3,3.63,5.66,4.157
56-03-01,0,176.25,205.32,,3.0,3.73,
56-03-01,1,171.02,199.6,,1.57,3.71,
56-03-01,2,165.03,193.1,,2.9,3.58,
56-03-01,3,161.71,187.49,,2.85,3.57,
56-03-01,4,153.71,180.14,,2.82,3.49,
56-03-01,5,153.28,175.97,,2.75,3.46,
56-03-01,6,147.57,171.07,,2.76,3.51,
56-03-01,7,148.04,166.2,,1.455,3.35,
56-03-01,8,146.63,162.86,,2.79,3.33,
56-03-01,9,146.05,161.53,,2.8,3.31,
56-03-01,10,145.14,161.11,,2.85,3.35,
56-03-01,11,144.52,161.99,,2.9,3.73,
56-03-01,12,150.48,170.57,,2.94,4.22,
56-03-01,13,166.45,191.85,,3.94,4.72,
56-03-01,14,181.71,200.5,,4.67,5.66,
56-03-01,15,186.0,216.85,,5.19,6.67,
56-03-01,16,205.41,220.17,,6.03,6.77,
56-03-01,17,217.33,237.8,,6.36,7.36,
56-03-01,18,223.06,249.12,,6.78,7.65,
56-03-01,19,229.46,271.45,,7.21,8.4,
56-03-01,20,241.12,299.33,,7.43,9.16,
56-03-01,21,249.25,323.47,,7.52,9.23,
56-03-01,22,262.81,340.66,,7.76,9.44,
56-03-01,23,276.91,375.86,,7.89,9.68,
56-03-01,24,307.11,419.99,,8.6,10.74,
56-03-01,25,334.73,459.12,,9.05,11.53,
56-03-01,26,362.25,471.84,,9.43,11.88,
56-03-01,27,379.19,478.34,,9.75,12.1,
56-03-01,28,378.11,477.29,,9.46,12.12,
56-03-01,29,396.61,477.49,,10.03,12.14,
56-03-01,30,405.6,484.04,,10.13,12.0,
56-03-01,31,412.17,492.84,,10.45,12.02,
56-03-01,32,412.52,492.52,,10.59,12.16,
56-03-01,33,410.18,493.61,,10.63,12.34,
56-03-01,34,400.47,496.54,,10.73,12.27,
56-03-01,35,399.91,496.54,,5.19,12.17,
56-03-01,36,398.76,497.96,,5.24,12.2,
56-03-01,37,385.14,494.79,,9.93,12.18,
56-03-01,38,374.34,497.86,,4.825,11.94,
56-03-01,39,368.44,490.59,,4.615,12.05,
56-03-01,40,350.62,485.23,,4.195,12.07,
56-03-01,41,342.75,467.53,,8.04,11.42,
56-03-01,42,342.32,465.58,,7.95,11.24,
56-03-01,43,331.11,457.4,,4.105,11.04,
56-03-01,44,319.32,449.04,,7.67,10.74,
56-03-01,45,317.5,444.64,,7.76,10.63,
56-03-01,46,319.56,424.24,,7.72,10.08,
56-03-01,47,315.55,415.66,,7.65,9.87,
56-03-01,48,305.95,413.87,,7.77,9.73,
56-03-01,49,311.27,405.11,,7.75,9.64,
56-03-01,50,312.65,396.44,,4.14,9.55,
56-03-01,51,303.87,397.23,,7.58,9.4,
56-03-01,52,297.36,386.09,,3.975,9.3,
56-03-01,53,298.76,382.32,,7.62,9.24,
56-03-01,54,296.19,371.18,,7.61,9.16,
56-03-01,55,296.82,368.59,338.85,3.78,9.29,3.78
56-03-01,56,294.09,363.2,,7.54,9.04,
56-03-01,57,297.41,360.41,,7.6,9.11,
56-03-01,58,297.41,363.45,,3.85,9.17,
56-03-01,59,295.14,357.75,,7.71,9.24,
56-03-01,60,300.4,352.92,,4.3,9.3,
56-03-01,61,296.77,357.44,,4.04,9.49,
56-03-01,62,297.18,368.59,,7.86,9.89,
56-03-01,63,295.68,362.16,,7.96,9.74,
56-03-01,64,305.94,370.15,,4.245,9.81,
56-03-01,65,311.23,366.8,,4.32,9.99,
56-03-01,66,319.28,383.61,,8.43,10.15,
56-03-01,67,321.37,385.87,,8.45,10.18,
56-03-01,68,328.47,384.05,,4.515,10.05,
56-03-01,69,336.66,384.94,,8.71,10.19,
56-03-01,70,342.94,395.15,,8.94,10.26,
56-03-01,71,353.38,410.1,,8.98,10.41,
56-03-01,72,365.06,432.29,,9.38,11.06,
56-03-01,73,367.04,428.06,,9.37,10.99,
56-03-01,74,366.2,428.26,,9.34,10.93,
56-03-01,75,365.48,430.45,,9.42,10.91,
56-03-01,76,379.56,434.54,,9.58,10.84,
56-03-01,77,377.76,428.97,,9.64,10.9,
56-03-01,78,375.04,426.23,,9.49,10.84,
56-03-01,79,380.23,424.55,,9.51,10.82,
56-03-01,80,382.05,435.06,,9.44,10.89,
56-03-01,81,375.91,438.72,,9.39,11.0,
56-03-01,82,368.52,425.41,,8.04,10.88,
56-03-01,83,363.41,408.25,,9.26,10.75,
56-03-01,84,337.66,390.39,,8.13,9.95,
56-03-01,85,327.12,377.22,,7.74,9.52,
56-03-01,86,329.02,368.47,,7.7,9.27,
56-03-01,87,321.64,354.96,,7.64,8.87,
56-03-01,88,290.62,331.42,,6.58,7.88,
56-03-01,89,269.9,305.45,,4.87,6.8,
56-03-01,90,237.85,283.55,,3.93,5.85,
56-03-01,91,220.62,253.68,,3.34,4.7,
56-03-01,92,196.87,226.15,,2.61,3.95,
56-03-01,93,197.58,227.94,,2.7,4.01,
56-03-01,94,190.37,227.16,,3.04,3.92,
56-03-01,95,184.78,218.77,,2.99,3.84,
56-03-05,0,,,,,,
56-03-05,1,,,,,,
56-03-05,2,,,,,,
56-03-05,3,,,,,,
56-03-05,4,,,,,,
56-03-05,5,,,,,,
56-03-05,6,,,,,,
56-03-05,7,254.31,254.31,,13.42,13.42,
56-03-05,8,254.31,254.31,,13.42,13.42,
56-03-05,9,254.31,254.31,,13.42,13.42,
56-03-05,10,254.31,254.31,,13.42,13.42,
56-03-05,11,254.31,254.31,,13.42,13.42,
56-03-05,12,254.31,254.31,,13.42,13.42,
56-03-05,13,254.31,254.31,,13.42,13.42,
56-03-05,14,254.31,254.31,,13.42,13.42,
56-03-05,15,254.31,254.31,,13.42,13.42,
56-03-05,16,254.31,254.31,,13.42,13.42,
56-03-05,17,254.31,254.31,,13.42,13.42,
56-03-05,18,254.31,254.31,,13.42,13.42,
56-03-05,19,254.31,254.31,,13.42,13.42,
56-03-05,20,254.31,254.31,,13.42,13.42,
56-03-05,21,254.31,254.31,,13.42,13.42,
56-03-05,22,254.31,254.31,,13.42,13.42,
56-03-05,23,254.31,254.31,,13.42,13.42,
56-03-05,24,254.31,254.31,,13.42,13.42,
56-03-05,25,254.31,254.31,,13.42,13.42,
56-03-05,26,254.31,254.31,,13.42,13.42,
56-03-05,27,254.31,254.31,,13.42,13.42,
56-03-05,28,254.31,254.31,,13.42,13.42,
56-03-05,29,254.31,254.31,,13.42,13.42,
56-03-05,30,254.31,254.31,,13.42,13.42,
56-03-05,31,254.31,254.31,,13.42,13.42,
56-03-05,32,254.31,254.31,,13.42,13.42,
56-03-05,33,254.31,254.31,,13.42,13.42,
56-03-05,34,254.31,254.31,,13.42,13.42,
56-03-05,35,254.31,254.31,,13.42,13.42,
56-03-05,36,254.31,254.31,,13.42,13.42,
56-03-05,37,254.31,254.31,,13.42,13.42,
56-03-05,38,254.31,254.31,,13.42,13.42,
56-03-05,39,254.31,254.31,,13.42,13.42,
56-03-05,40,254.31,254.31,,13.42,13.42,
56-03-05,41,254.31,254.31,,13.42,13.42,
56-03-05,42,254.31,254.31,,13.42,13.42,
56-03-05,43,254.31,254.31,,13.42,13.42,
56-03-05,44,254.31,254.31,,13.42,13.42,
56-03-05,45,254.31,254.31,,13.42,13.42,
56-03-05,46,254.31,254.31,,13.42,13.42,
56-03-05,47,254.31,254.31,,13.42,13.42,
56-03-05,48,254.31,254.31,,13.42,13.42,
56-03-05,49,254.31,254.31,,13.42,13.42,
56-03-05,50,254.31,254.31,,13.42,13.42,
56-03-05,51,254.31,254.31,,13.42,13.42,
56-03-05,52,254.31,254.31,,13.42,13.42,
56-03-05,53,254.31,254.31,,13.42,13.42,
56-03-05,54,254.31,254.31,,13.42,13.42,
56-03-05,55,254.31,254.31,254.31,13.42,13.42,13.42
56-03-05,56,254.31,254.31,,13.42,13.42,
56-03-05,57,254.31,254.31,,13.42,13.42,
56-03-05,58,254.31,254.31,,13.42,13.42,
56-03-05,59,254.31,254.31,,13.42,13.42,
56-03-05,60,254.31,254.31,,13.42,13.42,
56-03-05,61,254.31,254.31,,13.42,13.42,
56-03-05,62,254.31,254.31,,13.42,13.42,
56-03-05,63,254.31,254.31,,13.42,13.42,
56-03-05,64,254.31,254.31,,13.42,13.42,
56-03-05,65,254.31,254.31,,13.42,13.42,
56-03-05,66,,,,,,
56-03-05,67,,,,,,
56-03-05,68,,,,,,
56-03-05,69,,,,,,
56-03-05,70,,,,,,
56-03-05,71,,,,,,
56-03-05,72,,,,,,
56-03-05,73,,,,,,
56-03-05,74,,,,,,
56-03-05,75,,,,,,
56-03-05,76,,,,,,
56-03-05,77,,,,,,
56-03-05,78,,,,,,
56-03-05,79,,,,,,
56-03-05,80,,,,,,
56-03-05,81,,,,,,
56-03-05,82,,,,,,
56-03-05,83,,,,,,
56-03-05,84,,,,,,
56-03-05,85,,,,,,
56-03-05,86,,,,,,
56-03-05,87,,,,,,
56-03-05,88,,,,,,
56-03-05,89,,,,,,
56-03-05,90,,,,,,
56-03-05,91,,,,,,
56-03-05,92,,,,,,
56-03-05,93,,,,,,
56-03-05,94,,,,,,
56-03-05,95,,,,,,
56-03-06,0,236.93,246.2,,2.193,2.203,
56-03-06,1,231.35,237.28,,2.18,2.193,
56-03-06,2,228.72,230.88,,2.177,2.213,
56-03-06,3,218.01,227.13,,2.173,2.205,
56-03-06,4,216.37,222.5,,2.17,2.2,
56-03-06,5,209.13,226.26,,2.173,2.197,
56-03-06,6,209.14,219.02,,2.17,2.183,
56-03-06,7,207.16,305.29,,2.173,3.247,
56-03-06,8,205.91,219.3,,2.187,2.207,
56-03-06,9,203.36,218.72,,2.193,2.3,
56-03-06,10,205.65,221.7,,2.223,2.363,
56-03-06,11,204.32,215.35,,2.29,2.43,
56-03-06,12,203.48,231.84,,2.36,2.777,
56-03-06,13,225.7,260.64,,3.003,3.58,
56-03-06,14,240.94,268.15,,3.6,3.913,
56-03-06,15,260.59,270.33,,4.087,4.403,
56-03-06,16,277.77,286.5,,4.823,4.943,
56-03-06,17,282.8,303.43,,5.273,5.393,
56-03-06,18,299.07,316.06,,5.71,5.86,
56-03-06,19,313.29,326.9,,6.17,6.313,
56-03-06,20,322.9,339.91,,6.523,6.567,
56-03-06,21,333.85,359.76,,6.43,6.663,
56-03-06,22,340.63,363.86,,6.427,6.617,
56-03-06,23,365.63,374.38,,6.497,6.59,
56-03-06,24,388.05,404.73,,6.553,6.57,
56-03-06,25,403.69,417.24,,6.663,6.753,
56-03-06,26,415.59,429.45,,6.763,6.83,
56-03-06,27,424.9,440.32,,6.813,6.923,
56-03-06,28,421.59,438.37,,6.817,6.89,
56-03-06,29,432.53,447.14,,6.817,6.903,
56-03-06,30,423.95,449.52,,6.79,6.95,
56-03-06,31,426.46,449.75,,6.767,6.857,
56-03-06,32,433.7,449.5,,6.517,6.797,
56-03-06,33,431.85,449.81,,6.717,6.767,
56-03-06,34,429.09,472.67,,6.627,6.713,
56-03-06,35,424.37,476.92,,6.34,6.727,
56-03-06,36,413.22,481.47,,6.297,6.743,
56-03-06,37,395.35,463.9,,6.373,6.507,
56-03-06,38,409.5,453.21,,6.047,6.337,
56-03-06,39,422.37,497.22,,5.953,6.667,
56-03-06,40,395.74,441.64,,5.683,5.883,
56-03-06,41,398.24,417.46,,5.67,5.76,
56-03-06,42,388.87,441.03,,5.55,5.64,
56-03-06,43,387.91,434.78,,5.42,5.54,
56-03-06,44,395.78,434.92,,5.347,5.44,
56-03-06,45,396.07,432.44,,5.353,5.49,
56-03-06,46,377.24,377.24,,5.467,5.467,
56-03-06,47,375.76,440.05,,5.35,5.467,
56-03-06,48,374.45,405.83,,5.217,5.493,
56-03-06,49,373.88,379.8,,5.33,5.487,
56-03-06,50,366.94,376.93,,5.367,5.513,
56-03-06,51,321.45,360.79,,5.287,5.52,
56-03-06,52,310.61,361.23,,5.43,5.533,
56-03-06,53,301.67,374.59,,5.247,5.52,
56-03-06,54,298.61,397.19,,5.273,5.513,
56-03-06,55,300.19,400.44,392.25,5.23,5.507,5.23
56-03-06,56,300.62,387.4,,5.13,5.483,
56-03-06,57,351.34,401.85,,5.327,5.477,
56-03-06,58,361.98,458.91,,5.29,5.467,
56-03-06,59,355.81,449.13,,5.37,5.587,
56-03-06,60,343.11,435.56,,5.513,5.62,
56-03-06,61,355.26,416.48,,5.5,5.717,
56-03-06,62,348.11,391.73,,5.747,5.83,
56-03-06,63,352.75,394.68,,5.827,5.863,
56-03-06,64,349.84,420.45,,5.63,5.963,
56-03-06,65,353.94,422.93,,5.697,6.03,
56-03-06,66,402.49,408.73,,5.825,6.103,
56-03-06,67,371.21,405.2,,5.917,6.23,
56-03-06,68,373.6,420.67,,5.957,6.25,
56-03-06,69,367.88,434.73,,6.053,6.3,
56-03-06,70,371.36,428.79,,6.077,6.407,
56-03-06,71,377.72,402.0,,6.367,6.463,
56-03-06,72,384.48,448.38,,6.107,6.48,
56-03-06,73,391.8,455.45,,6.12,6.517,
56-03-06,74,412.53,451.29,,6.247,6.52,
56-03-06,75,412.67,454.16,,6.113,6.523,
56-03-06,76,413.87,465.6,,6.123,6.543,
56-03-06,77,427.73,465.54,,6.42,6.523,
56-03-06,78,422.35,424.92,,6.523,6.59,
56-03-06,79,422.06,473.07,,6.403,6.527,
56-03-06,80,421.03,467.7,,6.433,6.527,
56-03-06,81,417.14,442.69,,6.507,6.587,
56-03-06,82,407.59,409.43,,6.557,6.59,
56-03-06,83,395.09,412.82,,6.49,6.61,
56-03-06,84,407.22,422.05,,6.413,6.487,
56-03-06,85,392.03,412.19,,6.17,6.2,
56-03-06,86,377.53,383.04,,5.865,5.967,
56-03-06,87,369.8,387.79,,5.693,5.753,
56-03-06,88,348.9,403.41,,5.32,5.497,
56-03-06,89,318.82,376.82,,4.423,4.56,
56-03-06,90,299.16,308.48,,3.547,3.723,
56-03-06,91,274.3,285.28,,2.807,3.053,
56-03-06,92,250.32,255.02,,2.233,2.263,
56-03-06,93,244.04,252.08,,2.197,2.267,
56-03-06,94,243.23,253.17,,2.213,2.233,
56-03-06,95,242.29,250.85,,2.227,2.23,
56-04-01,0,137.38,339.3,297.777,0.82,1.29,0.989
56-04-01,1,135.99,320.56,286.869,0.76,1.13,0.957
56-04-01,2,130.31,303.42,275.623,0.77,1.12,0.939
56-04-01,3,123.53,298.65,263.807,0.74,1.08,0.91
56-04-01,4,119.75,292.25,256.657,0.75,1.08,0.887
56-04-01,5,117.24,289.16,250.849,0.74,1.09,0.87
56-04-01,6,113.96,258.86,239.546,0.74,0.99,0.841
56-04-01,7,111.73,250.66,229.14,0.72,0.96,0.804
56-04-01,8,108.56,250.74,226.997,0.73,0.96,0.803
56-04-01,9,109.16,247.6,227.824,0.74,0.96,0.807
56-04-01,10,108.69,247.42,225.377,0.73,0.95,0.81
56-04-01,11,109.52,257.55,222.531,0.75,0.97,0.81
56-04-01,12,113.77,273.84,244.146,0.77,1.11,0.943
56-04-01,13,137.14,300.3,281.837,0.81,1.3,1.231
56-04-01,14,138.54,318.59,294.717,0.81,1.51,1.399
56-04-01,15,138.53,331.04,309.824,0.87,1.76,1.557
56-04-01,16,157.25,374.72,336.59,1.5,1.84,1.766
56-04-01,17,166.9,386.13,345.411,1.7,1.98,1.886
56-04-01,18,174.39,405.16,361.434,1.78,2.07,1.981
56-04-01,19,182.15,451.81,384.123,1.88,2.15,2.077
56-04-01,20,188.73,492.32,412.641,1.91,2.21,2.15
56-04-01,21,191.35,516.58,434.994,1.93,2.21,2.139
56-04-01,22,205.84,531.33,463.57,1.96,2.21,2.137
56-04-01,23,222.01,560.27,494.703,1.99,2.23,2.144
56-04-01,24,249.49,608.63,537.043,2.08,2.25,2.17
56-04-01,25,276.73,637.46,581.064,2.14,2.24,2.17
56-04-01,26,293.2,659.9,609.917,2.16,2.23,2.164
56-04-01,27,295.09,676.68,623.03,2.15,2.23,2.161
56-04-01,28,307.98,684.6,629.129,2.15,2.22,2.159
56-04-01,29,318.81,675.59,628.369,2.15,2.23,2.156
56-04-01,30,317.94,666.87,627.427,2.15,2.23,2.156
56-04-01,31,314.43,678.46,633.627,2.15,2.22,2.154
56-04-01,32,309.42,686.14,635.506,2.15,2.22,2.153
56-04-01,33,307.62,691.24,633.591,2.15,2.22,2.156
56-04-01,34,305.73,688.37,631.443,2.14,2.23,2.153
56-04-01,35,301.37,680.97,625.404,2.15,2.22,2.157
56-04-01,36,303.49,685.3,621.223,2.14,2.23,2.151
56-04-01,37,301.13,679.16,615.869,2.14,2.22,2.154
56-04-01,38,291.75,679.99,609.263,2.14,2.23,2.153
56-04-01,39,259.89,673.67,598.913,2.13,2.22,2.15
56-04-01,40,288.01,671.88,590.23,2.11,2.22,2.144
56-04-01,41,281.39,659.07,582.104,2.09,2.22,2.144
56-04-01,42,274.86,654.51,578.753,2.09,2.21,2.141
56-04-01,43,270.68,649.73,572.43,2.11,2.2,2.144
56-04-01,44,268.73,648.76,565.727,2.1,2.2,2.136
56-04-01,45,263.38,636.97,557.453,2.1,2.2,2.137
56-04-01,46,260.73,620.49,548.084,2.11,2.2,2.131
56-04-01,47,257.63,608.29,544.746,2.1,2.2,2.131
56-04-01,48,256.64,602.65,542.044,2.08,2.2,2.131
56-04-01,49,252.62,593.67,532.159,2.09,2.2,2.124
56-04-01,50,251.51,588.06,521.74,2.08,2.2,2.119
56-04-01,51,250.7,578.37,515.529,2.05,2.2,2.119
56-04-01,52,246.74,581.03,509.509,2.05,2.2,2.114
56-04-01,53,242.31,573.46,505.884,2.06,2.2,2.11
56-04-01,54,242.54,560.03,505.706,2.07,2.19,2.109
56-04-01,55,243.53,554.94,504.733,2.05,2.19,2.106
56-04-01,56,241.73,548.99,502.914,2.02,2.19,2.107
56-04-01,57,238.63,580.72,497.346,2.05,2.2,2.113
56-04-01,58,234.7,588.65,492.713,2.07,2.2,2.116
56-04-01,59,231.91,584.16,488.84,2.08,2.2,2.123
56-04-01,60,231.24,580.58,495.119,2.09,2.2,2.129
56-04-01,61,235.36,570.65,494.419,2.1,2.21,2.133
56-04-01,62,235.61,573.1,491.323,2.12,2.2,2.139
56-04-01,63,235.91,574.98,498.351,2.12,2.21,2.134
56-04-01,64,238.75,580.91,506.357,2.12,2.22,2.14
56-04-01,65,248.71,580.34,509.877,2.13,2.23,2.154
56-04-01,66,251.57,580.81,514.34,2.14,2.2,2.157
56-04-01,67,255.9,583.94,523.151,2.13,2.21,2.153
56-04-01,68,262.96,597.09,535.334,2.14,2.22,2.16
56-04-01,69,266.21,645.76,538.786,2.14,2.24,2.16
56-04-01,70,267.72,638.27,545.651,2.14,2.23,2.157
56-04-01,71,278.04,605.42,557.694,2.14,2.23,2.157
56-04-01,72,279.72,616.54,564.38,2.15,2.22,2.159
56-04-01,73,278.74,618.7,561.573,2.15,2.23,2.156
56-04-01,74,279.54,612.19,563.124,2.15,2.23,2.157
56-04-01,75,282.2,615.41,566.319,2.15,2.24,2.156
56-04-01,76,287.14,619.84,569.611,2.15,2.23,2.157
56-04-01,77,284.39,628.92,571.367,2.15,2.23,2.153
56-04-01,78,286.23,615.88,571.013,2.15,2.23,2.154
56-04-01,79,290.54,618.3,575.851,2.14,2.23,2.153
56-04-01,80,290.61,619.56,584.241,2.15,2.23,2.151
56-04-01,81,286.69,623.58,583.823,2.14,2.22,2.153
56-04-01,82,276.06,611.86,580.541,2.06,2.22,2.153
56-04-01,83,286.44,605.06,573.109,2.13,2.22,2.151
56-04-01,84,281.95,594.69,563.454,2.07,2.21,2.13
56-04-01,85,276.6,584.98,549.484,1.91,2.19,2.093
56-04-01,86,266.48,579.44,534.557,1.7,2.18,2.054
56-04-01,87,260.28,571.87,529.817,1.99,2.17,2.084
56-04-01,88,250.53,541.58,504.021,1.81,2.09,1.979
56-04-01,89,229.48,520.45,477.553,1.52,2.01,1.844
56-04-01,90,203.75,493.42,435.163,1.16,1.88,1.63
56-04-01,91,176.05,445.64,380.497,1.01,1.62,1.307
56-04-01,92,150.62,440.15,349.819,0.73,1.63,1.111
56-04-01,93,153.41,412.8,347.413,0.77,1.52,1.123
56-04-01,94,156.81,378.41,328.349,0.92,1.39,1.07
56-04-01,95,149.3,361.91,314.03,0.9,1.35,1.039
56-04-02,0,109.83,288.95,124.96,5.74,7.83,6.664
56-04-02,1,103.07,196.15,118.993,5.84,7.18,6.553
56-04-02,2,98.05,154.82,112.367,5.88,7.1,6.471
56-04-02,3,90.97,137.94,107.959,5.82,6.97,6.359
56-04-02,4,85.98,128.49,106.466,5.83,6.97,6.283
56-04-02,5,83.27,119.99,102.72,5.76,7.0,6.23
56-04-02,6,83.49,116.09,96.86,5.79,6.59,6.117
56-04-02,7,82.22,111.19,93.416,5.75,6.49,5.983
56-04-02,8,83.09,112.4,93.78,5.76,6.49,5.983
56-04-02,9,81.74,111.2,94.0,5.77,6.5,6.001
56-04-02,10,79.34,101.4,93.236,5.78,6.49,6.003
56-04-02,11,80.73,98.64,91.776,5.8,6.58,6.0
56-04-02,12,80.34,103.6,97.161,5.88,7.09,6.436
56-04-02,13,83.6,111.86,106.07,6.01,7.74,7.566
56-04-02,14,86.32,118.29,109.719,6.03,8.74,8.276
56-04-02,15,92.71,120.54,117.099,6.2,9.85,8.971
56-04-02,16,110.42,138.37,130.564,8.7,10.39,9.936
56-04-02,17,114.4,149.77,136.57,9.57,11.17,10.599
56-04-02,18,120.87,162.1,146.741,10.02,12.08,11.311
56-04-02,19,125.48,179.93,158.653,10.55,13.69,12.29
56-04-02,20,131.7,193.34,179.23,10.91,14.73,13.914
56-04-02,21,137.66,210.8,190.401,10.98,14.9,14.12
56-04-02,22,143.16,234.55,200.411,11.36,15.6,14.391
56-04-02,23,156.28,258.46,219.871,11.62,16.04,14.91
56-04-02,24,190.52,303.21,269.803,12.66,18.14,16.653
56-04-02,25,224.94,342.65,309.246,13.82,19.93,18.387
56-04-02,26,240.27,365.19,324.379,14.8,20.66,19.374
56-04-02,27,256.54,385.04,340.436,15.46,20.72,19.613
56-04-02,28,273.93,392.98,355.524,15.27,20.72,20.004
56-04-02,29,299.55,414.18,370.659,16.46,20.72,20.194
56-04-02,30,314.48,435.96,383.276,16.7,20.65,19.957
56-04-02,31,324.34,437.65,381.28,17.07,20.71,19.741
56-04-02,32,324.35,427.45,386.349,17.19,20.72,19.487
56-04-02,33,314.96,423.69,373.763,16.93,20.72,19.386
56-04-02,34,308.29,425.07,366.096,16.73,20.72,19.206
56-04-02,35,303.49,428.17,361.406,16.34,20.72,18.971
56-04-02,36,303.79,431.31,351.977,15.86,20.72,18.54
56-04-02,37,291.35,424.43,347.674,15.15,20.72,18.094
56-04-02,38,288.04,415.97,331.466,14.47,20.72,17.534
56-04-02,39,275.58,411.65,328.123,14.4,20.72,17.284
56-04-02,40,263.1,404.2,320.361,13.54,20.72,16.824
56-04-02,41,267.56,403.1,314.821,13.03,20.72,16.654
56-04-02,42,255.67,382.31,309.354,13.0,20.72,16.594
56-04-02,43,251.08,379.41,298.483,12.83,20.62,16.517
56-04-02,44,253.59,381.69,292.976,12.82,20.71,16.199
56-04-02,45,247.94,364.04,284.824,13.05,20.06,15.983
56-04-02,46,235.72,345.72,282.58,12.84,19.5,15.604
56-04-02,47,236.39,333.48,275.714,12.81,18.94,15.351
56-04-02,48,232.85,329.88,276.416,12.57,18.34,15.146
56-04-02,49,217.96,319.61,266.12,12.64,18.09,14.904
56-04-02,50,228.89,322.78,264.816,12.49,17.94,14.556
56-04-02,51,227.9,475.32,297.55,11.79,17.6,14.109
56-04-02,52,222.98,407.41,285.44,12.03,17.34,14.026
56-04-02,53,217.8,364.92,273.693,12.07,17.02,13.919
56-04-02,54,220.03,359.69,270.6,12.01,16.68,13.826
56-04-02,55,224.26,350.23,268.203,11.91,16.6,13.736
56-04-02,56,226.57,344.5,268.121,11.41,16.26,13.674
56-04-02,57,229.92,300.47,254.974,11.69,15.98,13.764
56-04-02,58,230.99,310.29,256.0,12.04,15.88,13.767
56-04-02,59,230.71,313.72,259.979,12.15,15.67,13.85
56-04-02,60,231.08,320.62,260.904,12.26,15.86,14.119
56-04-02,61,218.08,319.24,260.691,12.52,16.02,14.413
56-04-02,62,218.89,319.05,257.813,12.66,16.49,14.539
56-04-02,63,228.68,319.33,262.093,12.81,16.22,14.689
56-04-02,64,225.63,324.06,272.256,13.28,16.8,15.054
56-04-02,65,225.02,321.07,278.84,13.64,17.24,15.507
56-04-02,66,242.59,333.3,291.607,13.63,17.64,16.07
56-04-02,67,247.0,326.73,291.591,13.55,17.28,15.981
56-04-02,68,256.23,340.31,305.674,13.72,18.96,16.661
56-04-02,69,266.55,349.23,310.023,14.03,18.91,16.81
56-04-02,70,270.99,365.86,313.41,14.43,18.7,16.959
56-04-02,71,271.17,356.72,319.131,14.57,18.8,17.129
56-04-02,72,271.28,380.65,324.294,15.24,18.97,17.434
56-04-02,73,265.41,364.61,322.566,15.19,19.1,17.523
56-04-02,74,272.81,352.55,319.117,15.18,19.12,17.654
56-04-02,75,264.62,352.41,314.321,15.41,18.98,17.75
56-04-02,76,266.64,355.34,315.394,15.83,18.76,17.789
56-04-02,77,260.83,334.79,311.159,16.07,18.56,17.829
56-04-02,78,247.17,332.03,308.673,15.95,18.57,17.8
56-04-02,79,249.8,324.34,305.053,15.85,18.58,17.847
56-04-02,80,250.15,338.6,305.911,15.8,18.73,18.031
56-04-02,81,245.27,317.16,299.58,15.6,19.07,18.243
56-04-02,82,246.49,304.22,287.487,13.96,18.75,17.83
56-04-02,83,240.57,298.46,276.05,15.24,18.42,17.589
56-04-02,84,216.46,276.21,256.526,13.3,17.76,16.237
56-04-02,85,203.89,265.87,241.7,11.19,16.8,14.724
56-04-02,86,210.47,251.3,232.661,9.73,15.97,13.927
56-04-02,87,204.4,248.3,226.377,11.84,15.13,13.616
56-04-02,88,159.03,220.2,199.233,9.79,13.15,11.819
56-04-02,89,0.28,205.62,189.161,0.03,12.01,10.576
56-04-02,90,0.28,187.3,172.133,0.0,10.69,9.321
56-04-02,91,0.28,167.93,154.227,0.0,9.21,7.934
56-04-02,92,0.3,163.45,148.54,0.0,9.29,7.159
56-04-02,93,0.28,156.2,145.213,0.0,8.83,7.187
56-04-02,94,0.29,153.43,137.79,0.0,8.32,6.971
56-04-02,95,114.42,148.37,132.03,1.61,8.16,6.844
56-04-03,0,0.0,273.02,245.057,3.26,7.83,4.526
56-04-03,1,0.0,270.31,232.763,3.15,8.38,4.287
56-04-03,2,0.0,273.46,239.556,3.12,9.24,4.237
56-04-03,3,0.0,278.45,225.789,3.24,10.06,4.26
56-04-03,4,0.0,274.19,225.221,3.27,10.15,4.117
56-04-03,5,0.0,267.33,222.937,3.26,10.17,4.12
56-04-03,6,0.0,246.38,219.659,3.17,10.56,4.034
56-04-03,7,0.0,236.4,210.703,3.21,11.4,3.956
56-04-03,8,0.0,229.55,211.607,3.28,12.27,3.761
56-04-03,9,0.0,234.2,206.353,3.4,12.58,3.899
56-04-03,10,0.0,239.95,203.486,3.36,13.25,3.933
56-04-03,11,0.0,236.11,204.35,3.44,13.36,3.965
56-04-03,12,0.0,242.35,206.901,3.52,13.14,3.896
56-04-03,13,0.0,258.71,227.546,3.75,12.99,5.271
56-04-03,14,0.0,272.08,246.881,3.89,12.67,6.05
56-04-03,15,0.0,311.71,258.044,3.9,12.36,6.583
56-04-03,16,0.0,291.85,271.277,4.59,12.27,7.303
56-04-03,17,0.0,302.32,284.39,7.03,11.91,7.771
56-04-03,18,0.0,327.01,290.3,6.97,11.8,8.347
56-04-03,19,0.0,330.17,302.193,7.71,11.8,8.811
56-04-03,20,0.0,343.93,303.107,8.19,11.32,9.644
56-04-03,21,0.0,350.74,330.394,8.23,11.14,10.37
56-04-03,22,0.0,359.79,342.601,8.2,11.0,10.267
56-04-03,23,0.0,395.76,357.73,8.22,10.77,10.186
56-04-03,24,0.0,410.63,369.093,8.56,11.39,10.896
56-04-03,25,0.0,449.03,410.926,7.77,12.32,11.671
56-04-03,26,0.0,473.37,435.096,9.22,13.04,12.49
56-04-03,27,0.0,468.09,449.714,9.26,13.28,12.702
56-04-03,28,0.0,476.34,443.927,9.41,13.17,12.699
56-04-03,29,0.0,488.76,443.483,9.25,13.53,12.946
56-04-03,30,0.0,492.26,453.189,9.22,13.59,13.049
56-04-03,31,-166.92,513.38,445.593,4.76,13.65,12.999
56-04-03,32,-200.94,499.06,445.399,5.73,13.43,12.59
56-04-03,33,0.0,505.93,449.416,9.29,13.3,12.548
56-04-03,34,0.0,523.21,446.004,9.06,13.46,12.537
56-04-03,35,0.0,497.41,451.21,8.61,13.4,12.271
56-04-03,36,0.0,549.33,465.369,8.38,13.36,12.143
56-04-03,37,0.0,525.83,469.766,8.23,13.12,11.526
56-04-03,38,0.0,548.5,463.929,8.24,13.44,11.26
56-04-03,39,0.0,533.19,464.45,8.02,13.07,11.044
56-04-03,40,0.0,531.4,464.826,7.63,13.18,10.811
56-04-03,41,0.0,535.15,455.317,7.64,13.28,10.659
56-04-03,42,0.0,529.47,462.514,7.31,13.06,10.634
56-04-03,43,0.0,513.4,433.426,7.36,13.71,10.949
56-04-03,44,0.0,534.55,452.756,7.92,12.61,10.668
56-04-03,45,0.0,511.54,422.34,8.16,13.02,10.616
56-04-03,46,0.0,519.72,438.341,8.17,12.2,10.22
56-04-03,47,0.0,505.21,435.829,8.26,12.21,10.139
56-04-03,48,0.0,497.06,433.331,8.07,11.59,9.947
56-04-03,49,0.0,484.5,437.93,7.9,11.57,9.933
56-04-03,50,0.0,499.47,433.841,7.9,11.25,9.69
56-04-03,51,0.0,508.96,425.681,8.02,11.35,9.507
56-04-03,52,0.0,498.85,434.074,7.69,10.99,9.367
56-04-03,53,0.0,470.94,422.643,7.68,11.02,9.359
56-04-03,54,0.0,471.53,424.859,7.62,10.75,9.193
56-04-03,55,0.0,483.13,417.007,7.71,10.93,9.236
56-04-03,56,0.0,477.81,422.801,7.49,10.99,9.061
56-04-03,57,0.0,480.97,417.557,7.49,11.21,9.111
56-04-03,58,0.0,479.31,415.057,7.46,11.19,9.167
56-04-03,59,0.0,476.29,408.01,7.59,11.27,9.246
56-04-03,60,0.0,478.24,414.617,8.14,11.46,9.346
56-04-03,61,0.0,492.51,418.333,8.27,11.44,9.677
56-04-03,62,0.0,476.63,416.93,8.22,11.51,9.81
56-04-03,63,0.0,478.56,422.397,8.62,11.49,9.917
56-04-03,64,0.0,465.89,415.463,8.69,11.61,9.996
56-04-03,65,0.0,577.14,429.486,8.97,11.53,10.373
56-04-03,66,0.0,490.38,426.296,9.31,11.44,10.743
56-04-03,67,0.0,479.61,443.341,9.09,11.58,10.699
56-04-03,68,0.0,556.64,448.103,9.01,11.67,10.739
56-04-03,69,0.0,491.02,464.319,9.12,12.23,11.011
56-04-03,70,0.0,491.57,455.496,9.07,12.17,11.091
56-04-03,71,0.0,498.4,471.481,8.22,12.19,11.123
56-04-03,72,0.0,496.07,468.506,6.65,12.59,11.333
56-04-03,73,0.0,515.37,469.419,5.82,12.12,11.293
56-04-03,74,0.0,499.46,479.757,5.34,12.49,11.416
56-04-03,75,0.0,518.12,485.203,4.66,12.42,11.437
56-04-03,76,0.0,509.56,474.493,4.5,12.57,11.514
56-04-03,77,0.0,515.48,487.564,4.35,12.56,11.614
56-04-03,78,0.0,500.03,455.846,4.17,12.3,11.593
56-04-03,79,0.0,510.56,465.6,4.05,12.23,11.567
56-04-03,80,0.0,505.24,466.461,3.86,11.96,11.616
56-04-03,81,0.0,513.97,477.731,3.77,11.94,11.627
56-04-03,82,0.0,496.9,470.12,3.69,11.84,11.536
56-04-03,83,0.0,495.54,458.849,3.6,11.81,11.348
56-04-03,84,0.0,508.15,469.69,3.54,11.86,11.287
56-04-03,85,0.0,496.64,437.483,3.54,11.16,9.917
56-04-03,86,0.0,455.79,404.874,3.53,10.98,9.324
56-04-03,87,0.0,453.04,405.389,3.61,10.36,9.206
56-04-03,88,0.0,423.46,377.263,3.64,10.3,8.93
56-04-03,89,0.0,392.96,363.069,3.7,8.68,7.474
56-04-03,90,0.0,375.4,328.433,3.76,7.52,6.793
56-04-03,91,0.0,340.93,298.027,3.82,6.8,5.907
56-04-03,92,0.0,320.66,276.124,3.26,6.13,5.204
56-04-03,93,0.0,310.05,268.169,3.18,6.38,5.056
56-04-03,94,0.0,289.89,266.023,3.52,6.5,4.851
56-04-03,95,0.0,295.6,251.39,3.43,7.13,4.731
56-04-04,0,109.64,195.36,130.05,3.185,5.64,4.479
56-04-04,1,103.4,175.09,125.187,3.21,5.305,4.384
56-04-04,2,95.88,167.44,119.614,3.31,5.295,4.356
56-04-04,3,93.61,162.65,114.526,3.335,5.19,4.289
56-04-04,4,91.14,161.87,110.549,3.305,5.13,4.241
56-04-04,5,89.25,155.46,107.01,3.315,5.23,4.214
56-04-04,6,86.8,148.23,102.63,3.345,4.945,4.131
56-04-04,7,84.57,146.26,98.324,3.36,4.855,3.959
56-04-04,8,80.76,146.04,96.563,3.39,4.91,3.974
56-04-04,9,79.96,147.46,96.483,3.46,4.76,4.034
56-04-04,10,79.71,145.27,96.404,3.535,4.805,4.069
56-04-04,11,79.19,147.0,95.57,3.62,4.9,4.084
56-04-04,12,87.58,153.67,101.939,3.73,5.485,4.744
56-04-04,13,100.6,173.15,113.747,4.025,6.11,5.813
56-04-04,14,103.5,184.44,119.139,4.06,6.95,6.45
56-04-04,15,107.13,194.45,124.919,4.235,7.77,7.058
56-04-04,16,114.2,208.69,133.664,6.365,8.24,7.732
56-04-04,17,119.92,227.82,139.714,7.305,8.655,8.2
56-04-04,18,124.9,249.24,149.43,7.76,9.305,8.729
56-04-04,19,138.81,271.84,165.93,8.165,9.92,9.437
56-04-04,20,147.35,295.74,187.11,8.285,10.965,10.394
56-04-04,21,151.64,303.76,192.474,8.365,10.84,10.287
56-04-04,22,155.91,319.03,205.259,8.33,10.95,10.294
56-04-04,23,164.64,332.95,221.311,8.415,11.225,10.485
56-04-04,24,207.24,377.75,258.184,7.695,12.15,11.378
56-04-04,25,218.22,416.02,281.599,9.325,12.755,12.095
56-04-04,26,240.73,437.0,300.976,9.675,13.005,12.419
56-04-04,27,249.85,443.95,306.969,9.95,13.105,12.484
56-04-04,28,283.32,450.7,322.784,10.49,13.08,12.696
56-04-04,29,292.06,443.37,321.173,10.645,13.345,12.869
56-04-04,30,290.08,454.0,324.753,10.885,13.355,12.792
56-04-04,31,289.29,456.42,331.614,10.785,13.475,12.641
56-04-04,32,284.46,447.71,331.36,10.74,13.26,12.472
56-04-04,33,279.56,446.41,327.82,10.59,13.05,12.381
56-04-04,34,278.7,447.62,327.164,8.95,12.94,12.219
56-04-04,35,284.7,440.12,328.284,8.685,12.81,12.035
56-04-04,36,284.05,438.33,325.571,8.25,12.81,11.556
56-04-04,37,272.36,428.56,317.907,7.895,12.79,11.359
56-04-04,38,263.43,424.66,312.811,7.835,12.74,10.978
56-04-04,39,256.51,417.52,298.499,7.695,12.935,10.774
56-04-04,40,250.23,413.05,285.461,6.695,12.975,10.313
56-04-04,41,247.21,406.49,284.384,6.915,13.235,10.341
56-04-04,42,227.0,401.37,273.376,6.515,13.55,10.301
56-04-04,43,169.81,391.75,260.61,5.06,13.24,10.068
56-04-04,44,171.73,427.61,257.203,4.97,12.98,9.924
56-04-04,45,167.05,415.62,249.746,4.92,12.53,9.763
56-04-04,46,163.22,391.81,245.779,4.915,12.195,9.554
56-04-04,47,159.29,368.07,241.331,4.905,11.915,9.416
56-04-04,48,160.09,365.47,238.524,4.885,11.575,9.338
56-04-04,49,155.48,361.99,231.607,4.855,11.51,9.181
56-04-04,50,148.99,350.77,227.241,4.74,11.4,9.014
56-04-04,51,149.64,337.88,221.974,4.755,11.21,8.951
56-04-04,52,154.16,343.87,225.375,4.615,11.06,8.806
56-04-04,53,209.25,339.66,239.45,6.795,10.96,9.109
56-04-04,54,199.69,335.39,245.632,7.745,10.89,9.326
56-04-04,55,202.64,337.72,233.724,7.675,10.79,9.273
56-04-04,56,204.95,329.01,230.569,7.285,10.63,9.258
56-04-04,57,210.82,324.43,229.464,7.535,10.43,9.302
56-04-04,58,201.82,321.24,227.559,7.71,10.445,9.354
56-04-04,59,204.12,327.72,225.511,8.17,10.435,9.429
56-04-04,60,207.74,326.8,230.047,8.3,10.61,9.669
56-04-04,61,212.65,326.1,235.137,8.335,10.77,9.841
56-04-04,62,210.22,330.3,233.033,8.38,10.97,9.959
56-04-04,63,220.37,334.79,233.667,8.565,10.905,10.091
56-04-04,64,213.15,342.44,241.12,8.79,11.22,10.299
56-04-04,65,216.66,356.54,245.113,9.065,11.55,10.59
56-04-04,66,230.12,360.79,252.817,9.205,11.605,10.886
56-04-04,67,232.72,360.38,252.733,8.975,11.425,10.781
56-04-04,68,236.63,376.76,266.753,9.085,12.42,11.141
56-04-04,69,251.27,377.72,270.344,9.195,12.395,11.183
56-04-04,70,256.33,373.67,272.167,9.375,12.285,11.206
56-04-04,71,248.24,378.65,270.151,9.595,12.395,11.374
56-04-04,72,259.5,384.25,275.919,9.715,12.53,11.511
56-04-04,73,263.25,385.3,274.711,9.785,12.625,11.552
56-04-04,74,262.16,394.34,274.917,9.795,12.625,11.604
56-04-04,75,264.66,396.48,274.599,9.76,12.535,11.636
56-04-04,76,268.65,399.22,278.823,9.94,12.48,11.665
56-04-04,77,266.1,408.17,275.406,9.745,12.54,11.689
56-04-04,78,267.29,397.8,277.841,9.68,12.295,11.643
56-04-04,79,265.12,393.44,278.397,9.75,12.025,11.597
56-04-04,80,265.79,407.16,280.436,9.685,12.09,11.686
56-04-04,81,265.91,414.28,277.903,9.605,12.015,11.762
56-04-04,82,263.13,409.29,272.327,8.265,11.905,11.571
56-04-04,83,254.55,401.59,267.996,9.605,11.82,11.455
56-04-04,84,231.6,387.29,248.381,8.73,11.59,10.65
56-04-04,85,204.24,375.66,236.701,7.195,11.28,9.758
56-04-04,86,204.65,359.82,229.34,6.59,10.8,9.334
56-04-04,87,204.66,342.09,220.663,7.83,10.335,9.149
56-04-04,88,185.64,310.01,199.009,6.695,9.025,8.046
56-04-04,89,41.8,287.9,188.354,0.91,8.2,7.228
56-04-04,90,6.63,267.33,173.401,0.0,7.355,6.419
56-04-04,91,6.7,237.97,158.457,0.0,6.295,5.605
56-04-04,92,5.79,217.32,150.141,0.0,6.32,5.209
56-04-04,93,4.86,212.08,144.846,0.0,6.08,5.089
56-04-04,94,45.53,202.63,135.494,0.355,5.815,4.844
56-04-04,95,120.88,259.57,129.686,3.155,5.75,4.694
56-04-05,0,134.75,180.84,162.634,2.12,5.13,4.161
56-04-05,1,118.07,173.27,152.957,2.12,5.35,4.028
56-04-05,2,100.24,169.31,146.819,2.0,5.53,4.335
56-04-05,3,114.07,166.74,142.071,1.955,4.89,3.948
56-04-05,4,110.76,156.61,136.811,2.025,5.36,3.952
56-04-05,5,104.02,153.13,131.973,2.015,4.97,3.954
56-04-05,6,102.72,147.82,127.771,2.02,5.18,3.899
56-04-05,7,101.0,142.73,122.126,2.085,5.09,3.801
56-04-05,8,99.31,137.61,118.847,2.03,4.59,3.68
56-04-05,9,100.99,137.81,117.383,2.125,4.63,3.721
56-04-05,10,98.93,136.33,118.359,2.13,4.68,3.784
56-04-05,11,99.87,133.97,116.696,2.14,5.1,3.802
56-04-05,12,99.66,138.82,121.064,2.285,5.81,4.008
56-04-05,13,107.14,143.96,140.763,2.84,6.03,5.195
56-04-05,14,109.73,166.07,145.866,3.215,6.62,5.821
56-04-05,15,118.82,177.38,155.543,3.555,8.08,6.389
56-04-05,16,136.92,182.27,160.784,3.89,8.1,7.206
56-04-05,17,146.22,195.37,168.733,4.13,8.71,7.524
56-04-05,18,149.87,198.5,178.487,4.34,8.92,7.949
56-04-05,19,162.36,217.96,192.674,4.595,10.07,8.689
56-04-05,20,162.85,237.55,212.083,4.735,10.51,9.351
56-04-05,21,178.47,255.19,230.859,4.665,10.99,9.711
56-04-05,22,182.08,276.53,243.21,4.82,10.84,9.505
56-04-05,23,194.89,284.62,257.334,4.9,10.93,9.54
56-04-05,24,205.04,328.22,285.754,5.1,12.06,9.981
56-04-05,25,233.98,353.37,324.904,5.645,12.56,10.954
56-04-05,26,265.74,374.46,347.014,5.705,12.95,11.068
56-04-05,27,276.63,398.06,355.149,5.845,13.43,11.168
56-04-05,28,281.06,404.1,365.627,6.095,13.39,11.292
56-04-05,29,290.37,386.68,368.064,6.205,13.36,11.515
56-04-05,30,299.09,383.87,366.624,6.175,12.98,11.496
56-04-05,31,296.91,379.42,360.497,6.425,13.32,11.7
56-04-05,32,306.98,383.12,357.064,6.115,13.28,11.301
56-04-05,33,305.27,389.27,356.201,6.33,13.44,11.457
56-04-05,34,294.03,391.04,351.794,6.215,13.21,11.099
56-04-05,35,290.99,388.39,348.379,4.94,12.96,11.147
56-04-05,36,288.14,385.69,343.961,4.735,13.07,10.849
56-04-05,37,272.64,401.34,341.181,5.89,13.39,10.334
56-04-05,38,261.77,388.16,328.051,5.425,13.37,10.041
56-04-05,39,260.31,390.7,324.364,5.385,12.82,10.017
56-04-05,40,254.19,378.94,312.811,4.23,13.53,9.77
56-04-05,41,235.82,412.74,316.677,4.855,11.75,9.674
56-04-05,42,173.43,413.57,309.491,4.985,12.28,9.848
56-04-05,43,167.67,376.48,301.444,4.7,12.17,9.828
56-04-05,44,158.38,378.77,290.5,4.975,12.14,9.624
56-04-05,45,154.81,375.77,284.967,4.97,11.74,9.549
56-04-05,46,153.39,348.56,279.707,4.775,11.88,9.667
56-04-05,47,146.52,337.23,274.499,4.71,11.36,9.216
56-04-05,48,148.71,332.44,275.337,4.785,11.4,9.115
56-04-05,49,149.53,346.44,268.603,4.74,10.79,9.024
56-04-05,50,142.84,405.61,263.386,4.655,11.22,8.864
56-04-05,51,138.57,346.62,256.651,4.5,11.56,8.979
56-04-05,52,134.13,344.03,254.567,4.68,10.72,9.096
56-04-05,53,137.49,302.9,252.973,4.66,10.25,8.584
56-04-05,54,140.37,292.89,251.549,4.705,10.63,8.523
56-04-05,55,135.37,296.48,248.234,4.53,10.81,8.504
56-04-05,56,135.21,355.05,245.563,4.645,10.83,8.644
56-04-05,57,129.34,304.7,248.813,4.27,10.49,8.522
56-04-05,58,127.33,289.28,251.376,4.745,10.53,8.548
56-04-05,59,123.4,280.78,248.013,4.865,9.97,8.622
56-04-05,60,138.34,278.04,249.549,4.835,10.63,8.946
56-04-05,61,145.36,571.64,250.113,4.715,10.91,9.006
56-04-05,62,183.75,406.66,253.329,5.045,10.91,9.129
56-04-05,63,205.53,315.39,253.549,5.055,10.29,9.224
56-04-05,64,207.77,288.11,256.441,5.055,11.06,9.534
56-04-05,65,214.25,303.17,265.651,5.305,11.28,9.608
56-04-05,66,213.5,296.21,271.39,5.36,11.0,9.894
56-04-05,67,127.6,297.83,275.754,5.165,11.74,10.045
56-04-05,68,-228.95,329.98,289.959,5.11,11.08,10.028
56-04-05,69,-186.95,489.82,295.28,5.245,11.165,10.189
56-04-05,70,-388.75,428.09,300.109,5.33,11.25,10.196
56-04-05,71,-167.43,370.77,302.094,5.53,11.49,10.279
56-04-05,72,263.9,361.93,304.636,5.565,12.4,10.381
56-04-05,73,263.28,330.66,307.226,5.755,12.22,10.671
56-04-05,74,258.9,334.36,312.997,5.86,12.11,10.484
56-04-05,75,256.84,333.28,313.386,5.78,12.04,10.522
56-04-05,76,264.97,332.35,316.011,5.98,12.23,10.724
56-04-05,77,270.47,373.17,315.697,5.77,12.8,10.964
56-04-05,78,268.38,332.6,315.43,5.745,12.05,10.513
56-04-05,79,279.46,336.57,318.491,5.635,11.77,10.694
56-04-05,80,279.66,334.08,322.684,5.7,12.12,10.541
56-04-05,81,279.67,381.95,325.153,5.74,12.24,10.788
56-04-05,82,268.0,388.25,315.347,5.785,12.12,10.508
56-04-05,83,271.54,327.4,314.134,5.485,11.84,10.363
56-04-05,84,255.2,333.17,307.779,5.07,11.21,10.014
56-04-05,85,243.83,313.73,286.946,5.035,10.95,9.046
56-04-05,86,222.27,298.28,272.714,4.84,10.54,8.564
56-04-05,87,239.04,283.59,266.563,4.62,10.19,8.561
56-04-05,88,223.38,279.46,255.256,4.015,8.82,7.766
56-04-05,89,202.62,253.63,239.204,3.56,7.76,6.746
56-04-05,90,184.9,233.5,222.001,3.075,7.34,6.192
56-04-05,91,127.73,217.43,203.901,2.71,6.42,5.339
56-04-05,92,136.6,201.66,191.591,1.975,5.73,4.876
56-04-05,93,134.95,194.33,180.464,2.295,6.44,4.761
56-04-05,94,132.36,188.81,176.249,2.275,6.17,4.504
56-04-05,95,141.96,182.92,168.717,2.24,5.69,4.501
56-05-01,0,48.42,580.52,526.211,2.403,4.323,3.091
56-05-01,1,46.55,564.81,516.586,2.397,3.915,3.171
56-05-01,2,42.1,558.11,507.39,2.387,4.175,3.166
56-05-01,3,39.7,562.01,499.276,2.33,4.215,3.15
56-05-01,4,37.82,561.02,489.939,2.333,3.795,3.228
56-05-01,5,36.73,550.64,484.741,2.33,3.94,3.04
56-05-01,6,33.95,547.06,474.057,2.313,3.51,3.013
56-05-01,7,31.44,540.75,468.284,2.31,3.645,3.007
56-05-01,8,31.28,535.2,464.204,2.323,3.9,3.098
56-05-01,9,31.87,520.23,463.994,2.323,3.82,2.961
56-05-01,10,30.85,531.91,459.017,2.343,4.03,3.09
56-05-01,11,30.98,511.21,458.75,2.39,4.295,3.178
56-05-01,12,32.3,534.63,472.391,2.467,4.107,3.233
56-05-01,13,36.77,548.66,500.694,3.107,4.805,4.016
56-05-01,14,40.39,568.48,522.434,3.113,5.315,4.62
56-05-01,15,43.91,589.94,532.993,3.253,6.59,5.367
56-05-01,16,47.13,610.65,564.589,4.403,6.725,5.942
56-05-01,17,53.46,646.2,576.387,4.803,7.165,6.372
56-05-01,18,57.22,668.47,599.416,5.163,7.765,6.9
56-05-01,19,69.27,715.71,630.07,5.567,8.167,7.226
56-05-01,20,80.6,749.51,679.509,5.863,8.253,7.848
56-05-01,21,88.25,805.34,710.814,5.817,9.275,7.969
56-05-01,22,98.75,833.68,727.277,5.933,9.75,8.16
56-05-01,23,107.91,862.54,757.751,6.127,9.4,8.221
56-05-01,24,123.55,924.48,825.104,6.443,10.18,8.313
56-05-01,25,141.95,996.93,897.929,6.447,11.075,8.685
56-05-01,26,138.22,1040.53,926.443,6.877,10.86,9.127
56-05-01,27,141.46,1063.61,943.073,7.007,10.975,8.938
56-05-01,28,143.68,1075.72,965.011,7.02,10.905,9.006
56-05-01,29,143.02,1123.4,986.0,7.08,11.675,9.314
56-05-01,30,140.75,1109.09,988.383,7.02,11.2,9.05
56-05-01,31,140.11,1111.43,984.934,6.947,11.315,9.037
56-05-01,32,142.13,1105.3,980.889,6.947,10.305,9.22
56-05-01,33,137.0,1115.18,984.354,6.93,10.92,8.923
56-05-01,34,129.7,1128.46,970.606,6.917,11.555,8.84
56-05-01,35,134.4,1121.81,961.774,6.793,10.05,8.754
56-05-01,36,133.51,1124.8,947.433,6.753,11.555,8.619
56-05-01,37,131.14,1132.08,931.259,6.55,10.11,8.623
56-05-01,38,126.8,1133.6,914.943,6.19,11.495,8.64
56-05-01,39,155.04,1115.08,908.763,5.987,11.5,8.445
56-05-01,40,154.79,1081.55,891.841,5.773,11.58,7.881
56-05-01,41,151.79,1072.08,876.244,5.69,11.015,8.036
56-05-01,42,143.26,1049.52,866.867,5.573,9.995,8.106
56-05-01,43,152.31,1021.73,848.539,5.697,11.135,8.106
56-05-01,44,136.45,1044.17,831.797,3.287,10.425,7.509
56-05-01,45,138.27,1043.64,815.887,3.337,10.5,7.43
56-05-01,46,130.02,1014.16,802.099,3.313,9.91,7.305
56-05-01,47,129.92,981.82,793.799,3.313,9.93,7.45
56-05-01,48,122.53,960.81,787.183,3.333,9.355,7.157
56-05-01,49,130.59,947.37,775.477,3.323,9.7,7.362
56-05-01,50,119.96,939.46,763.92,3.32,9.625,7.511
56-05-01,51,121.68,912.98,756.439,3.363,9.52,7.577
56-05-01,52,122.0,900.53,747.753,3.313,9.215,7.13
56-05-01,53,120.56,883.16,740.193,2.98,8.06,7.084
56-05-01,54,114.62,894.03,739.32,3.303,9.245,7.125
56-05-01,55,112.44,863.24,731.931,3.297,7.86,7.083
56-05-01,56,119.78,863.31,728.937,3.303,9.0,7.08
56-05-01,57,112.95,855.23,724.346,3.39,9.06,7.108
56-05-01,58,112.74,847.44,724.929,3.487,9.23,7.413
56-05-01,59,113.01,880.18,718.64,3.607,8.9,7.27
56-05-01,60,112.33,873.48,721.019,3.687,8.43,7.353
56-05-01,61,112.76,896.02,723.834,3.73,9.245,7.553
56-05-01,62,117.04,898.93,721.88,3.355,9.335,7.83
56-05-01,63,119.39,897.52,724.17,3.84,9.275,7.723
56-05-01,64,118.57,895.57,736.764,3.917,9.27,7.61
56-05-01,65,127.56,909.7,750.969,4.003,9.07,7.971
56-05-01,66,132.56,916.18,774.613,4.023,10.12,8.422
56-05-01,67,131.78,913.42,786.749,4.093,10.005,8.247
56-05-01,68,134.34,901.89,808.247,4.3,9.905,8.268
56-05-01,69,136.84,923.52,823.574,4.447,9.99,8.56
56-05-01,70,142.06,931.42,825.616,4.477,10.045,8.38
56-05-01,71,148.71,930.15,831.576,4.51,10.75,9.118
56-05-01,72,153.33,925.56,844.894,4.53,9.705,8.505
56-05-01,73,162.96,913.99,850.643,3.975,10.385,8.537
56-05-01,74,160.23,917.28,851.486,4.567,10.72,9.22
56-05-01,75,167.51,926.78,853.404,4.557,10.805,8.781
56-05-01,76,163.17,935.91,859.851,4.577,10.635,8.558
56-05-01,77,177.37,935.69,862.307,4.573,10.665,9.014
56-05-01,78,174.81,926.04,865.871,4.583,10.655,8.55
56-05-01,79,165.91,939.94,860.904,3.945,10.6,9.011
56-05-01,80,166.01,956.85,865.727,4.507,10.45,9.274
56-05-01,81,190.01,936.89,867.544,6.59,10.925,8.657
56-05-01,82,161.96,917.74,857.029,6.5,10.53,8.826
56-05-01,83,161.65,914.13,845.719,6.487,10.57,8.525
56-05-01,84,165.43,894.5,830.383,6.22,10.47,8.183
56-05-01,85,147.64,869.34,794.429,5.817,9.515,7.443
56-05-01,86,135.75,859.29,771.04,4.647,9.15,7.191
56-05-01,87,144.66,834.01,760.737,5.437,8.425,6.923
56-05-01,88,135.57,806.48,726.869,4.9,7.75,6.358
56-05-01,89,122.36,772.41,687.297,4.273,6.253,5.461
56-05-01,90,106.62,698.83,644.771,3.48,5.56,4.61
56-05-01,91,91.62,673.03,594.286,2.883,4.463,3.689
56-05-01,92,81.32,634.66,566.61,2.497,5.655,3.38
56-05-01,93,77.55,617.06,564.891,2.543,4.703,3.327
56-05-01,94,74.87,610.69,550.694,2.493,4.53,3.142
56-05-01,95,69.38,605.22,537.663,2.48,4.44,3.33
56-06-01,0,500.0,500.0,500.0,1.35,4.25,2.911
56-06-01,1,500.0,500.0,500.0,1.3,3.99,2.773
56-06-01,2,500.0,500.0,500.0,1.37,3.9,2.711
56-06-01,3,500.0,500.0,500.0,1.39,3.87,2.65
56-06-01,4,500.0,500.0,500.0,1.39,3.79,2.546
56-06-01,5,500.0,500.0,500.0,1.41,3.84,2.51
56-06-01,6,500.0,500.0,500.0,1.47,3.74,2.467
56-06-01,7,500.0,500.0,500.0,1.46,3.37,2.179
56-06-01,8,500.0,500.0,500.0,1.52,3.43,2.171
56-06-01,9,500.0,500.0,500.0,1.57,3.28,2.239
56-06-01,10,500.0,500.0,500.0,1.62,3.36,2.304
56-06-01,11,500.0,500.0,500.0,1.69,3.42,2.32
56-06-01,12,500.0,500.0,500.0,1.82,3.92,2.727
56-06-01,13,500.0,500.0,500.0,2.21,4.2,3.984
56-06-01,14,500.0,500.0,500.0,2.25,5.08,4.687
56-06-01,15,500.0,500.0,500.0,2.54,5.86,5.174
56-06-01,16,500.0,500.0,500.0,4.13,6.15,5.753
56-06-01,17,500.0,500.0,500.0,5.48,6.53,6.151
56-06-01,18,500.0,500.0,500.0,5.85,7.1,6.626
56-06-01,19,500.0,500.0,500.0,6.26,8.08,7.209
56-06-01,20,500.0,500.0,500.0,6.43,8.45,8.07
56-06-01,21,500.0,500.0,500.0,6.42,8.34,8.054
56-06-01,22,500.0,500.0,500.0,6.63,8.59,8.051
56-06-01,23,500.0,500.0,500.0,6.66,8.54,8.136
56-06-01,24,500.0,500.0,500.0,6.16,9.2,8.7
56-06-01,25,500.0,500.0,500.0,6.89,9.73,9.336
56-06-01,26,500.0,500.0,500.0,7.76,10.06,9.67
56-06-01,27,500.0,500.0,500.0,7.97,10.18,9.743
56-06-01,28,500.0,500.0,500.0,8.15,10.2,9.927
56-06-01,29,500.0,500.0,500.0,8.64,10.32,10.083
56-06-01,30,500.0,500.0,500.0,8.72,10.29,10.031
56-06-01,31,500.0,500.0,500.0,8.86,10.38,9.959
56-06-01,32,500.0,500.0,500.0,8.71,10.29,9.794
56-06-01,33,500.0,500.0,500.0,8.61,10.43,9.733
56-06-01,34,500.0,500.0,500.0,8.48,10.4,9.643
56-06-01,35,500.0,500.0,500.0,8.27,10.34,9.526
56-06-01,36,500.0,500.0,500.0,8.15,10.27,9.271
56-06-01,37,500.0,500.0,500.0,7.79,10.22,8.976
56-06-01,38,500.0,500.0,500.0,7.44,10.27,8.69
56-06-01,39,500.0,500.0,500.0,7.28,10.4,8.637
56-06-01,40,500.0,500.0,500.0,6.75,10.41,8.354
56-06-01,41,500.0,500.0,500.0,6.5,10.41,8.337
56-06-01,42,500.0,500.0,500.0,6.49,10.6,8.317
56-06-01,43,500.0,500.0,500.0,6.43,10.52,8.336
56-06-01,44,500.0,500.0,500.0,6.38,10.08,8.166
56-06-01,45,500.0,500.0,500.0,6.53,9.84,8.05
56-06-01,46,500.0,500.0,500.0,6.31,9.53,7.87
56-06-01,47,500.0,500.0,500.0,6.17,9.29,7.764
56-06-01,48,500.0,500.0,500.0,6.25,8.95,7.666
56-06-01,49,500.0,500.0,500.0,6.34,8.88,7.569
56-06-01,50,500.0,500.0,500.0,6.3,8.83,7.424
56-06-01,51,500.0,500.0,500.0,6.25,8.71,7.351
56-06-01,52,500.0,500.0,500.0,6.22,8.6,7.271
56-06-01,53,500.0,500.0,500.0,6.12,8.54,7.206
56-06-01,54,500.0,500.0,500.0,6.19,8.45,7.179
56-06-01,55,500.0,500.0,500.0,6.15,8.43,7.159
56-06-01,56,500.0,500.0,500.0,5.74,8.26,7.123
56-06-01,57,500.0,500.0,500.0,5.96,8.11,7.181
56-06-01,58,500.0,500.0,500.0,6.18,8.08,7.199
56-06-01,59,500.0,500.0,500.0,6.34,8.07,7.293
56-06-01,60,500.0,500.0,500.0,6.48,8.1,7.45
56-06-01,61,500.0,500.0,500.0,6.64,8.32,7.663
56-06-01,62,500.0,500.0,500.0,6.72,8.8,7.76
56-06-01,63,500.0,500.0,500.0,6.8,8.63,7.884
56-06-01,64,466.67,500.0,500.0,7.08,8.8,8.009
56-06-01,65,500.0,500.0,500.0,7.37,9.12,8.243
56-06-01,66,500.0,500.0,500.0,7.31,9.21,8.533
56-06-01,67,500.0,500.0,500.0,7.2,9.09,8.471
56-06-01,68,500.0,500.0,500.0,7.17,9.87,8.769
56-06-01,69,500.0,500.0,500.0,7.36,9.88,8.86
56-06-01,70,500.0,500.0,500.0,7.46,9.81,8.864
56-06-01,71,500.0,500.0,500.0,7.69,9.91,8.957
56-06-01,72,500.0,500.0,500.0,7.93,9.94,9.063
56-06-01,73,500.0,500.0,500.0,8.08,10.01,9.12
56-06-01,74,500.0,500.0,500.0,7.96,10.01,9.174
56-06-01,75,500.0,500.0,500.0,8.05,9.98,9.204
56-06-01,76,500.0,500.0,500.0,8.19,9.85,9.216
56-06-01,77,500.0,500.0,500.0,8.23,9.72,9.19
56-06-01,78,500.0,500.0,500.0,8.15,9.65,9.161
56-06-01,79,500.0,500.0,500.0,8.13,9.56,9.147
56-06-01,80,500.0,500.0,500.0,8.05,9.55,9.19
56-06-01,81,500.0,500.0,500.0,7.97,9.54,9.279
56-06-01,82,500.0,500.0,500.0,6.5,9.43,9.136
56-06-01,83,500.0,500.0,500.0,7.87,9.41,9.044
56-06-01,84,500.0,500.0,500.0,6.95,9.23,8.486
56-06-01,85,500.0,500.0,500.0,5.55,8.86,7.603
56-06-01,86,500.0,500.0,500.0,4.62,8.54,7.181
56-06-01,87,500.0,500.0,500.0,5.84,8.04,7.023
56-06-01,88,500.0,500.0,500.0,5.39,6.96,6.181
56-06-01,89,500.0,500.0,500.0,4.45,6.22,5.396
56-06-01,90,500.0,500.0,500.0,3.83,5.56,4.81
56-06-01,91,500.0,500.0,500.0,3.13,5.39,4.209
56-06-01,92,500.0,500.0,500.0,1.14,4.77,3.786
56-06-01,93,500.0,500.0,500.0,1.11,4.82,3.54
56-06-01,94,500.0,500.0,500.0,1.83,4.38,3.291
56-06-01,95,500.0,500.0,500.0,1.58,4.33,3.146
56-06-02,0,97.5,127.36,106.049,1.47,3.81,2.81
56-06-02,1,94.11,121.65,104.346,1.48,3.86,2.731
56-06-02,2,89.81,121.1,101.963,1.56,3.61,2.765
56-06-02,3,91.08,117.99,99.639,1.74,3.62,2.747
56-06-02,4,87.27,114.6,98.006,1.69,3.56,2.62
56-06-02,5,87.42,112.89,96.806,1.66,3.61,2.644
56-06-02,6,88.25,112.6,95.277,1.61,3.67,2.528
56-06-02,7,87.94,111.84,93.704,1.69,3.39,2.648
56-06-02,8,88.9,111.88,92.991,1.8,3.3,2.417
56-06-02,9,88.72,110.29,92.766,1.83,3.37,2.583
56-06-02,10,88.57,112.06,92.466,1.94,3.29,2.56
56-06-02,11,88.39,114.34,93.236,2.03,3.32,2.55
56-06-02,12,87.87,113.47,92.141,2.12,3.77,2.557
56-06-02,13,92.26,131.54,107.141,2.24,4.09,3.643
56-06-02,14,94.32,131.81,111.098,2.47,4.56,4.245
56-06-02,15,95.69,138.0,114.654,2.66,5.48,4.739
56-06-02,16,97.64,147.33,120.146,2.82,5.67,5.286
56-06-02,17,118.29,156.91,128.16,5.0,6.17,5.663
56-06-02,18,122.55,161.39,131.81,5.09,6.32,5.924
56-06-02,19,126.88,174.12,140.151,5.6,7.07,6.347
56-06-02,20,130.35,183.45,148.739,5.9,7.23,6.828
56-06-02,21,130.43,199.3,163.123,5.74,7.35,7.151
56-06-02,22,135.3,198.97,164.29,5.83,7.27,6.86
56-06-02,23,139.55,206.08,168.321,5.8,7.14,6.741
56-06-02,24,133.66,235.0,178.491,5.26,7.06,6.673
56-06-02,25,155.37,242.91,198.847,3.75,7.33,6.967
56-06-02,26,165.61,252.06,208.701,5.97,7.28,7.05
56-06-02,27,173.89,259.53,211.823,6.01,7.45,7.094
56-06-02,28,178.14,253.55,212.85,5.96,7.38,7.14
56-06-02,29,187.76,252.89,215.83,5.92,7.58,7.255
56-06-02,30,189.17,253.13,214.319,5.8,7.59,7.382
56-06-02,31,189.93,245.51,216.634,5.89,7.64,7.402
56-06-02,32,187.28,247.24,213.79,5.8,7.46,7.217
56-06-02,33,189.63,244.92,210.281,5.8,7.45,7.19
56-06-02,34,169.22,239.73,208.75,5.71,7.54,7.164
56-06-02,35,165.38,235.47,210.24,5.5,7.48,7.083
56-06-02,36,160.54,230.21,204.713,5.36,7.34,6.999
56-06-02,37,143.55,228.88,198.846,5.01,7.14,6.687
56-06-02,38,146.27,230.58,191.19,5.26,7.19,6.59
56-06-02,39,145.93,222.78,193.667,4.9,7.06,6.474
56-06-02,40,150.02,232.49,190.331,4.84,7.23,6.416
56-06-02,41,146.18,227.78,187.82,4.62,7.24,6.223
56-06-02,42,139.94,214.6,184.344,4.64,7.54,6.332
56-06-02,43,138.62,222.26,187.023,4.57,8.04,6.612
56-06-02,44,142.47,213.69,185.009,5.01,7.39,6.393
56-06-02,45,144.05,209.89,183.643,5.07,7.38,6.353
56-06-02,46,145.33,208.78,182.434,4.98,7.09,6.275
56-06-02,47,141.21,209.99,177.307,4.27,7.05,6.218
56-06-02,48,146.66,211.57,176.694,4.33,6.85,6.082
56-06-02,49,151.07,214.9,171.305,4.5,6.45,5.858
56-06-02,50,147.66,214.38,171.697,4.44,6.62,6.02
56-06-02,51,145.1,212.56,169.524,4.47,6.9,5.967
56-06-02,52,141.48,201.98,168.006,4.73,6.58,5.87
56-06-02,53,142.3,189.02,164.146,4.91,6.71,6.032
56-06-02,54,140.44,192.02,164.487,4.93,6.6,5.893
56-06-02,55,142.4,193.5,161.317,4.95,6.66,5.883
56-06-02,56,128.59,190.1,159.72,4.76,6.56,5.871
56-06-02,57,132.84,185.4,160.231,4.76,6.43,5.92
56-06-02,58,136.57,187.93,161.069,4.87,6.37,5.92
56-06-02,59,135.09,185.87,162.01,5.03,6.52,5.958
56-06-02,60,139.3,193.97,162.363,5.34,6.48,6.109
56-06-02,61,139.82,195.16,166.091,5.31,6.59,6.288
56-06-02,62,141.57,191.11,164.5,5.42,7.13,6.44
56-06-02,63,140.5,194.91,166.749,5.57,7.24,6.515
56-06-02,64,150.11,196.77,167.861,5.77,7.03,6.587
56-06-02,65,153.21,200.69,172.957,5.89,7.09,6.633
56-06-02,66,157.27,206.35,175.619,5.96,7.42,6.851
56-06-02,67,160.61,213.3,180.071,5.83,7.34,6.86
56-06-02,68,157.76,212.73,180.136,5.56,7.23,6.776
56-06-02,69,160.09,228.45,186.691,5.34,7.55,6.993
56-06-02,70,165.88,219.78,188.084,5.42,7.61,6.94
56-06-02,71,167.03,214.46,186.182,5.76,7.61,6.978
56-06-02,72,171.36,230.21,191.263,5.78,7.67,6.983
56-06-02,73,174.73,227.22,192.99,5.79,7.73,7.13
56-06-02,74,173.66,226.83,191.74,5.96,7.65,7.073
56-06-02,75,174.14,227.22,193.67,5.82,7.68,7.086
56-06-02,76,177.86,230.33,195.264,5.76,7.61,7.071
56-06-02,77,175.93,228.02,194.439,5.92,7.46,7.158
56-06-02,78,178.57,228.31,196.224,5.93,7.38,7.001
56-06-02,79,175.34,224.6,195.218,5.78,7.5,7.077
56-06-02,80,176.61,226.54,195.969,5.73,7.25,7.02
56-06-02,81,173.28,233.77,196.669,5.82,7.21,6.947
56-06-02,82,177.24,236.38,197.149,5.61,7.31,7.067
56-06-02,83,169.56,232.26,194.673,5.59,7.27,6.953
56-06-02,84,170.31,224.33,192.764,5.61,7.3,7.001
56-06-02,85,165.14,222.06,181.771,4.79,7.17,6.165
56-06-02,86,146.94,215.23,174.801,3.83,7.14,5.893
56-06-02,87,154.18,206.38,172.124,4.49,6.69,5.759
56-06-02,88,145.44,196.91,166.589,4.33,6.51,5.607
56-06-02,89,132.82,174.14,149.67,3.79,5.55,4.68
56-06-02,90,121.31,174.6,142.531,3.24,4.82,4.321
56-06-02,91,111.58,146.06,126.853,1.27,4.22,3.743
56-06-02,92,100.94,136.29,120.074,0.39,3.89,3.417
56-06-02,93,107.5,140.08,118.59,1.19,4.12,3.146
56-06-02,94,102.59,139.26,113.934,0.24,3.98,3.08
56-06-02,95,101.74,145.05,110.34,1.49,3.78,2.974
56-06-03,0,118.08,179.08,153.622,1.98,3.88,3.17
56-06-03,1,109.47,172.63,145.234,2.03,3.87,3.091
56-06-03,2,108.69,165.46,141.446,2.05,3.85,3.074
56-06-03,3,107.88,156.3,137.209,2.3,3.93,3.157
56-06-03,4,104.06,153.36,130.364,2.21,3.92,3.057
56-06-03,5,102.28,148.42,125.734,2.28,3.95,3.226
56-06-03,6,100.92,147.39,122.571,2.26,3.97,3.208
56-06-03,7,100.33,131.37,117.646,2.31,3.83,2.957
56-06-03,8,100.5,124.74,114.241,2.35,3.77,2.927
56-06-03,9,98.87,123.54,112.959,2.38,3.79,2.934
56-06-03,10,98.79,130.89,114.183,2.48,3.79,3.013
56-06-03,11,100.28,128.28,113.446,2.6,3.82,3.11
56-06-03,12,100.35,133.45,113.22,2.64,4.27,3.089
56-06-03,13,100.76,158.22,140.674,2.78,4.5,4.061
56-06-03,14,107.28,164.27,149.553,3.03,4.96,4.614
56-06-03,15,109.23,176.6,162.04,3.09,5.87,5.051
56-06-03,16,115.76,187.82,169.924,3.24,6.05,5.613
56-06-03,17,148.29,190.74,174.32,5.38,6.4,5.944
56-06-03,18,157.71,204.85,186.553,5.39,6.63,6.161
56-06-03,19,165.95,220.95,201.631,5.91,7.32,6.474
56-06-03,20,168.19,234.9,211.404,6.15,7.38,6.907
56-06-03,21,168.54,249.95,228.959,6.06,7.48,7.132
56-06-03,22,176.16,256.47,233.807,6.11,7.4,6.877
56-06-03,23,190.08,270.61,245.993,5.92,7.03,6.597
56-06-03,24,179.68,283.68,254.79,5.28,6.85,6.429
56-06-03,25,208.5,308.89,284.665,3.76,7.05,6.534
56-06-03,26,226.37,324.62,301.977,5.69,7.08,6.546
56-06-03,27,239.14,330.24,309.996,5.48,7.34,6.481
56-06-03,28,244.79,343.93,312.507,5.68,7.01,6.332
56-06-03,29,250.61,334.38,314.784,5.66,6.87,6.57
56-06-03,30,262.73,332.12,316.349,5.67,6.82,6.615
56-06-03,31,275.73,329.79,314.493,5.55,6.88,6.657
56-06-03,32,275.15,319.73,307.344,5.59,7.04,6.651
56-06-03,33,271.19,325.39,310.849,5.55,7.01,6.45
56-06-03,34,263.59,322.91,310.601,5.26,6.86,6.461
56-06-03,35,259.03,328.11,307.086,4.98,6.86,6.367
56-06-03,36,250.99,323.87,303.809,4.93,7.02,6.371
56-06-03,37,248.04,325.6,294.507,4.41,6.91,6.113
56-06-03,38,250.06,328.04,291.871,4.38,6.79,5.996
56-06-03,39,236.88,323.55,288.428,4.38,6.52,5.968
56-06-03,40,225.2,325.29,281.182,4.65,6.83,5.953
56-06-03,41,227.35,319.83,276.2,4.39,6.8,5.785
56-06-03,42,228.38,322.51,272.166,4.35,6.78,5.907
56-06-03,43,214.28,321.36,275.623,4.33,7.29,6.074
56-06-03,44,211.33,316.49,270.097,4.64,6.63,6.021
56-06-03,45,213.24,316.06,270.491,4.84,6.76,6.009
56-06-03,46,210.49,312.8,267.143,4.86,6.43,5.901
56-06-03,47,201.57,299.98,264.11,4.83,6.41,5.821
56-06-03,48,205.38,289.87,253.177,4.87,6.45,5.937
56-06-03,49,204.03,287.8,251.244,4.9,6.32,5.99
56-06-03,50,196.95,282.64,250.673,4.88,6.37,5.877
56-06-03,51,191.54,280.44,243.803,4.93,6.55,6.11
56-06-03,52,191.78,270.51,240.254,4.88,6.39,5.744
56-06-03,53,189.13,271.73,235.273,4.96,6.43,5.81
56-06-03,54,192.17,267.7,236.233,4.99,6.47,5.784
56-06-03,55,188.98,268.05,233.456,5.01,6.48,5.793
56-06-03,56,180.99,264.69,229.657,4.91,6.53,5.809
56-06-03,57,180.87,257.14,229.051,4.92,6.36,5.88
56-06-03,58,187.19,257.14,223.759,4.98,6.3,5.967
56-06-03,59,190.33,258.48,223.766,5.0,6.56,6.034
56-06-03,60,190.75,252.77,224.484,5.45,6.54,6.183
56-06-03,61,194.89,253.55,232.324,5.54,6.56,6.303
56-06-03,62,190.42,252.5,234.613,5.63,6.91,6.389
56-06-03,63,193.09,253.39,234.551,5.71,7.13,6.473
56-06-03,64,199.66,252.89,238.356,5.9,6.86,6.467
56-06-03,65,205.21,262.69,241.213,5.88,7.09,6.671
56-06-03,66,210.43,263.65,247.953,5.78,7.14,6.774
56-06-03,67,207.73,275.57,255.279,5.75,7.03,6.686
56-06-03,68,213.3,275.76,261.15,5.6,7.06,6.537
56-06-03,69,220.58,291.5,266.863,5.08,7.09,6.75
56-06-03,70,221.82,291.98,272.043,5.14,7.13,6.622
56-06-03,71,229.26,297.1,273.939,5.4,7.17,6.594
56-06-03,72,230.91,295.78,277.364,5.6,7.23,6.61
56-06-03,73,231.51,301.65,280.94,5.88,7.31,6.671
56-06-03,74,237.62,305.28,277.586,5.84,7.21,6.69
56-06-03,75,238.42,298.78,278.374,5.81,7.2,6.72
56-06-03,76,241.67,303.62,278.841,5.7,7.16,6.684
56-06-03,77,242.4,299.94,282.626,5.83,7.11,6.677
56-06-03,78,243.12,298.25,281.466,5.78,7.05,6.804
56-06-03,79,237.98,301.01,281.16,5.8,6.98,6.587
56-06-03,80,236.43,304.05,285.424,5.6,6.92,6.553
56-06-03,81,237.73,316.35,290.681,5.5,6.9,6.444
56-06-03,82,245.51,311.3,288.415,5.53,7.0,6.608
56-06-03,83,234.65,324.2,278.28,4.54,7.01,6.611
56-06-03,84,236.33,302.04,277.79,5.34,6.94,6.654
56-06-03,85,222.43,300.69,269.916,4.53,6.63,5.889
56-06-03,86,196.47,289.85,257.281,4.01,6.79,5.58
56-06-03,87,214.1,279.7,253.447,4.53,6.41,5.553
56-06-03,88,203.87,266.75,243.303,4.44,6.18,5.479
56-06-03,89,185.11,238.22,220.887,3.79,5.4,4.65
56-06-03,90,165.37,217.99,204.53,3.26,4.86,4.394
56-06-03,91,106.73,201.68,186.146,1.95,4.27,3.894
56-06-03,92,77.21,187.75,177.78,1.24,4.16,3.622
56-06-03,93,91.19,200.83,176.761,1.33,4.17,3.33
56-06-03,94,86.78,190.05,171.897,1.25,4.16,3.309
56-06-03,95,131.91,182.7,162.149,2.15,4.02,3.182
56-06-04,0,104.5,147.57,128.282,2.59,5.0,4.02
56-06-04,1,101.21,138.81,123.435,2.54,5.0,4.008
56-06-04,2,96.29,136.14,120.584,2.56,4.71,3.87
56-06-04,3,96.64,129.28,116.625,2.73,4.69,3.792
56-06-04,4,88.55,128.74,113.885,2.69,4.65,3.758
56-06-04,5,86.78,125.19,111.595,2.68,4.63,3.768
56-06-04,6,87.79,124.0,108.482,2.78,4.53,3.705
56-06-04,7,86.49,124.53,105.98,2.76,4.4,3.59
56-06-04,8,82.51,121.16,104.24,2.82,4.33,3.458
56-06-04,9,80.41,121.84,105.626,2.87,4.31,3.455
56-06-04,10,85.63,118.35,106.763,2.96,4.34,3.514
56-06-04,11,81.12,119.12,106.969,3.04,4.37,3.523
56-06-04,12,82.56,128.35,105.03,3.09,4.88,3.567
56-06-04,13,82.79,136.73,122.347,3.25,5.05,4.707
56-06-04,14,104.48,145.7,129.374,3.49,5.69,5.366
56-06-04,15,100.73,149.25,133.229,3.54,6.8,5.92
56-06-04,16,107.54,164.3,138.06,3.84,6.93,6.519
56-06-04,17,117.37,171.39,144.789,6.17,7.44,6.921
56-06-04,18,121.72,178.71,153.944,6.32,7.68,7.281
56-06-04,19,135.55,188.78,162.516,6.94,8.67,7.757
56-06-04,20,142.32,193.84,172.87,7.22,8.77,8.33
56-06-04,21,154.04,214.62,187.529,7.16,9.09,8.783
56-06-04,22,163.2,219.62,189.957,7.24,9.07,8.63
56-06-04,23,166.6,226.85,201.471,7.17,8.71,8.437
56-06-04,24,171.7,248.73,213.374,6.87,8.9,8.441
56-06-04,25,199.99,278.95,240.105,5.36,9.57,8.998
56-06-04,26,220.71,294.42,259.654,7.6,9.68,9.293
56-06-04,27,224.66,300.14,263.364,7.76,9.92,9.34
56-06-04,28,219.93,301.14,266.676,7.94,10.14,9.276
56-06-04,29,224.46,308.53,272.917,8.27,10.06,9.514
56-06-04,30,225.49,308.07,270.146,8.2,10.17,9.637
56-06-04,31,214.23,309.46,271.449,8.28,9.9,9.583
56-06-04,32,221.41,304.5,267.549,8.12,9.88,9.447
56-06-04,33,222.5,304.15,265.944,8.3,9.76,9.25
56-06-04,34,216.15,313.29,264.644,7.48,9.85,9.33
56-06-04,35,215.68,312.24,263.074,7.16,9.85,9.127
56-06-04,36,214.48,304.88,264.24,6.97,9.83,9.029
56-06-04,37,201.54,307.95,255.23,6.44,9.58,8.72
56-06-04,38,194.07,305.61,249.156,6.52,9.84,8.521
56-06-04,39,189.12,303.82,243.53,6.32,9.71,8.441
56-06-04,40,187.6,305.32,241.229,6.32,9.73,8.392
56-06-04,41,185.04,293.37,236.017,6.14,9.6,8.12
56-06-04,42,183.72,282.68,230.657,6.02,9.89,8.257
56-06-04,43,178.04,280.62,231.057,5.95,10.23,8.398
56-06-04,44,183.48,277.66,231.453,6.46,9.62,8.267
56-06-04,45,192.97,275.1,228.511,6.57,9.82,8.244
56-06-04,46,179.42,278.9,224.003,6.61,9.36,8.077
56-06-04,47,170.25,265.67,220.517,6.41,9.36,7.949
56-06-04,48,171.43,258.68,218.006,6.43,8.9,7.879
56-06-04,49,162.77,253.62,217.051,6.5,8.82,7.861
56-06-04,50,170.05,251.08,212.286,6.44,8.64,7.802
56-06-04,51,168.13,248.54,208.904,6.42,8.82,7.616
56-06-04,52,166.0,247.21,208.783,6.39,8.53,7.554
56-06-04,53,169.25,250.25,204.536,6.42,8.77,7.574
56-06-04,54,162.42,246.83,200.501,6.41,8.41,7.481
56-06-04,55,160.81,237.63,198.846,6.39,8.63,7.363
56-06-04,56,159.87,235.43,196.201,6.12,8.33,7.434
56-06-04,57,161.33,233.46,195.319,6.27,8.28,7.41
56-06-04,58,155.98,228.03,197.31,6.17,8.16,7.491
56-06-04,59,158.85,230.58,195.66,6.4,8.17,7.564
56-06-04,60,162.87,228.88,198.55,6.77,8.27,7.686
56-06-04,61,157.2,227.98,203.827,6.92,8.35,7.938
56-06-04,62,159.94,232.7,198.864,6.9,8.94,8.067
56-06-04,63,158.81,237.41,199.874,7.01,9.01,8.127
56-06-04,64,165.46,243.29,203.267,7.23,8.87,8.265
56-06-04,65,166.42,243.33,209.909,7.5,9.03,8.381
56-06-04,66,172.15,242.24,213.59,7.47,9.13,8.576
56-06-04,67,171.61,243.05,217.436,7.52,9.21,8.671
56-06-04,68,177.42,243.93,218.533,7.36,9.15,8.643
56-06-04,69,179.18,244.75,225.614,6.93,9.5,8.876
56-06-04,70,184.05,250.26,227.656,7.26,9.66,8.793
56-06-04,71,183.58,253.85,232.687,7.49,9.63,8.863
56-06-04,72,195.08,260.42,233.344,7.78,9.77,8.959
56-06-04,73,196.16,266.7,236.107,7.95,9.88,9.056
56-06-04,74,200.54,267.91,237.229,8.05,9.73,8.977
56-06-04,75,197.68,267.35,240.257,7.97,9.97,9.097
56-06-04,76,197.19,266.6,243.277,7.96,9.72,9.017
56-06-04,77,205.44,277.89,244.19,8.02,9.56,9.04
56-06-04,78,208.72,282.28,243.109,7.78,9.52,9.037
56-06-04,79,209.68,272.85,243.907,7.84,9.68,9.037
56-06-04,80,215.36,270.15,244.69,7.67,9.25,8.977
56-06-04,81,213.46,280.45,249.841,7.64,9.39,9.003
56-06-04,82,207.96,277.06,248.661,7.65,9.32,8.999
56-06-04,83,203.07,269.75,244.557,7.42,9.37,8.933
56-06-04,84,202.51,264.08,239.111,7.25,9.29,8.876
56-06-04,85,191.89,251.5,223.909,6.32,9.16,8.016
56-06-04,86,182.58,246.7,214.144,5.35,9.01,7.54
56-06-04,87,175.97,242.16,211.801,6.02,8.5,7.443
56-06-04,88,171.39,236.03,205.899,6.08,8.21,7.23
56-06-04,89,153.16,211.55,182.937,5.21,7.13,6.129
56-06-04,90,151.26,209.22,173.631,4.29,6.32,5.719
56-06-04,91,135.64,180.46,157.014,2.45,5.64,5.064
56-06-04,92,109.82,175.79,146.613,1.62,5.13,4.588
56-06-04,93,99.18,166.81,143.061,1.65,5.39,4.309
56-06-04,94,98.41,161.55,137.953,1.6,5.23,4.34
56-06-04,95,102.93,160.48,133.77,2.8,4.97,4.122
56-06-05,0,115.05,192.5,154.88,2.38,2.89,2.581
56-06-05,1,111.31,192.87,152.4,2.38,3.0,2.634
56-06-05,2,107.76,192.56,149.607,2.43,3.26,2.724
56-06-05,3,105.24,190.79,148.127,2.31,3.37,2.799
56-06-05,4,105.62,187.88,147.109,2.47,3.49,2.871
56-06-05,5,104.68,186.25,145.531,2.49,3.51,2.951
56-06-05,6,106.11,181.39,144.836,2.29,3.57,3.021
56-06-05,7,105.52,165.71,142.421,2.47,3.54,2.967
56-06-05,8,106.02,166.35,142.861,2.52,3.66,2.98
56-06-05,9,105.57,165.15,143.109,2.48,3.58,3.011
56-06-05,10,104.46,165.69,142.887,2.52,3.64,3.057
56-06-05,11,104.13,167.06,142.371,2.58,3.61,3.09
56-06-05,12,110.34,176.03,145.694,2.57,4.0,3.25
56-06-05,13,120.26,183.11,155.759,2.83,4.1,3.84
56-06-05,14,125.05,187.1,161.833,3.01,4.46,4.143
56-06-05,15,130.66,192.47,166.687,3.09,4.76,4.384
56-06-05,16,144.62,216.11,180.573,3.47,5.47,5.074
56-06-05,17,144.63,221.86,184.037,3.57,5.74,5.207
56-06-05,18,148.98,229.25,190.131,3.52,5.76,5.199
56-06-05,19,153.43,233.28,196.14,3.95,6.01,5.219
56-06-05,20,181.55,268.75,220.957,4.9,6.49,6.136
56-06-05,21,190.81,288.56,229.623,4.73,6.44,6.099
56-06-05,22,198.98,300.28,238.74,4.53,6.43,6.009
56-06-05,23,204.13,310.42,247.696,4.37,6.42,5.903
56-06-05,24,214.11,356.22,267.476,5.43,6.48,6.041
56-06-05,25,227.6,366.84,286.756,5.91,6.75,6.103
56-06-05,26,239.93,379.22,300.607,5.96,6.58,6.213
56-06-05,27,230.93,377.69,305.354,5.94,6.57,6.226
56-06-05,28,231.05,375.65,314.243,6.16,7.07,6.47
56-06-05,29,227.68,376.3,316.391,6.2,7.36,6.621
56-06-05,30,225.16,380.59,311.027,6.06,7.42,6.666
56-06-05,31,221.59,374.99,305.039,6.24,7.37,6.659
56-06-05,32,215.71,376.47,304.816,6.24,7.45,6.574
56-06-05,33,212.11,377.13,302.556,6.21,7.39,6.636
56-06-05,34,206.69,382.45,299.599,6.11,7.46,6.644
56-06-05,35,206.22,384.86,298.624,6.25,7.42,6.623
56-06-05,36,201.52,386.35,294.609,6.21,7.47,6.609
56-06-05,37,198.93,390.55,293.22,6.08,7.44,6.606
56-06-05,38,196.92,389.69,289.68,6.06,7.44,6.633
56-06-05,39,191.99,393.29,286.801,6.05,7.4,6.603
56-06-05,40,190.26,396.46,288.52,5.89,7.49,6.527
56-06-05,41,190.52,392.75,287.299,6.16,7.61,6.663
56-06-05,42,186.49,381.62,282.871,6.28,7.48,6.71
56-06-05,43,184.93,369.7,276.227,6.27,7.61,6.641
56-06-05,44,180.58,366.88,270.336,6.19,7.59,6.601
56-06-05,45,176.09,365.56,268.264,6.05,7.5,6.654
56-06-05,46,181.55,365.24,265.49,6.22,7.63,6.644
56-06-05,47,181.57,363.52,262.109,5.98,7.61,6.686
56-06-05,48,179.19,359.52,259.72,6.26,7.48,6.671
56-06-05,49,177.11,352.61,259.286,5.68,7.51,6.646
56-06-05,50,179.01,348.98,257.779,5.98,7.55,6.671
56-06-05,51,176.43,334.54,255.323,6.22,7.56,6.676
56-06-05,52,177.22,327.48,245.989,6.25,7.58,6.689
56-06-05,53,172.56,333.74,240.766,6.24,7.5,6.696
56-06-05,54,172.6,325.75,239.32,5.71,7.56,6.68
56-06-05,55,172.37,323.4,235.131,6.19,7.53,6.714
56-06-05,56,170.03,328.66,233.833,6.03,7.54,6.686
56-06-05,57,172.22,354.21,234.357,5.99,7.64,6.687
56-06-05,58,170.41,327.22,233.786,6.19,7.68,6.677
56-06-05,59,172.36,325.55,233.863,6.06,7.47,6.72
56-06-05,60,168.83,327.24,229.747,6.31,7.53,6.709
56-06-05,61,167.25,328.85,230.127,6.19,7.54,6.661
56-06-05,62,169.77,326.68,231.843,6.23,7.72,6.656
56-06-05,63,166.62,323.53,231.233,6.18,7.71,6.636
56-06-05,64,175.63,330.21,235.977,5.96,7.47,6.629
56-06-05,65,178.74,326.14,245.256,5.94,7.52,6.654
56-06-05,66,184.59,328.86,250.144,6.05,7.47,6.636
56-06-05,67,188.31,327.48,251.753,5.82,7.44,6.581
56-06-05,68,191.58,332.94,255.569,5.99,7.45,6.677
56-06-05,69,197.65,325.22,256.934,6.03,7.52,6.631
56-06-05,70,198.27,329.73,257.14,6.01,7.49,6.563
56-06-05,71,196.02,337.92,259.507,6.13,7.44,6.574
56-06-05,72,200.87,351.41,262.897,6.11,7.66,6.573
56-06-05,73,200.49,350.62,265.201,6.11,7.52,6.611
56-06-05,74,200.47,346.79,264.544,6.19,7.49,6.614
56-06-05,75,196.65,333.16,263.399,6.23,7.44,6.644
56-06-05,76,198.96,329.72,263.826,5.87,7.45,6.636
56-06-05,77,199.89,338.48,265.371,6.24,7.47,6.604
56-06-05,78,197.8,335.97,264.141,6.15,7.51,6.66
56-06-05,79,198.26,335.2,264.671,6.19,7.45,6.57
56-06-05,80,206.96,354.44,268.39,6.09,7.43,6.589
56-06-05,81,209.53,359.55,268.933,6.25,7.55,6.693
56-06-05,82,200.02,360.44,262.6,6.29,7.5,6.677
56-06-05,83,199.07,353.86,259.079,5.99,7.52,6.699
56-06-05,84,176.01,329.24,231.93,4.48,6.82,5.261
56-06-05,85,169.01,321.86,225.221,4.17,6.51,4.83
56-06-05,86,169.64,306.56,225.367,4.21,6.52,4.946
56-06-05,87,165.76,297.47,220.993,4.15,6.65,4.99
56-06-05,88,162.04,258.36,207.143,4.15,4.89,4.4
56-06-05,89,161.87,254.53,204.719,4.21,4.55,4.297
56-06-05,90,158.43,262.37,200.887,4.08,4.6,4.356
56-06-05,91,153.59,270.27,195.294,4.1,4.62,4.359
56-06-05,92,132.52,225.37,164.09,2.83,3.27,2.96
56-06-05,93,121.13,207.9,155.079,2.4,3.0,2.587
56-06-05,94,118.42,194.48,152.799,2.39,2.89,2.566
56-06-05,95,117.45,194.04,149.756,2.38,2.95,2.621
56-06-06,0,4.05,32.11,13.039,2.53,3.52,3.103
56-06-06,1,3.35,33.9,13.436,2.43,3.59,3.111
56-06-06,2,3.1,34.91,13.357,2.56,3.87,3.226
56-06-06,3,0.46,33.55,12.127,2.61,3.97,3.27
56-06-06,4,0.42,32.65,11.207,2.68,4.18,3.419
56-06-06,5,0.44,33.21,10.621,2.82,4.28,3.531
56-06-06,6,0.41,31.75,11.768,2.8,4.39,3.622
56-06-06,7,0.44,31.62,10.397,2.84,4.22,3.619
56-06-06,8,0.41,31.45,9.489,2.87,4.32,3.555
56-06-06,9,0.4,30.87,10.86,2.84,4.5,3.653
56-06-06,10,0.4,30.64,9.587,2.83,4.37,3.582
56-06-06,11,0.39,30.14,9.981,2.8,4.3,3.723
56-06-06,12,0.41,30.25,11.212,2.76,4.53,3.642
56-06-06,13,0.41,33.74,9.767,2.95,4.78,4.287
56-06-06,14,0.4,34.79,10.426,3.7,5.08,4.593
56-06-06,15,0.4,35.54,10.476,3.42,5.42,4.803
56-06-06,16,0.42,38.62,11.429,3.76,6.17,5.463
56-06-06,17,0.45,39.45,13.246,3.81,6.26,5.619
56-06-06,18,0.45,39.89,13.556,3.77,6.39,5.695
56-06-06,19,3.16,38.02,14.827,3.74,6.49,5.58
56-06-06,20,3.02,42.94,16.767,4.77,7.01,6.046
56-06-06,21,4.6,42.96,18.183,5.25,6.99,6.373
56-06-06,22,4.71,43.49,18.709,4.87,6.9,5.975
56-06-06,23,5.05,41.2,18.726,4.81,6.85,5.956
56-06-06,24,7.23,42.14,21.454,4.65,6.9,5.719
56-06-06,25,11.84,44.39,24.403,4.4,6.63,5.669
56-06-06,26,13.37,46.87,26.387,4.1,6.63,5.663
56-06-06,27,14.16,46.32,26.711,4.05,6.64,5.583
56-06-06,28,15.86,46.7,27.793,4.14,6.66,5.54
56-06-06,29,15.83,46.54,28.746,4.26,7.34,5.954
56-06-06,30,15.44,50.89,28.986,3.98,7.15,5.886
56-06-06,31,16.83,50.26,27.887,4.22,7.39,6.024
56-06-06,32,15.82,47.34,28.213,4.34,7.22,5.959
56-06-06,33,17.68,46.78,28.39,4.37,7.17,6.142
56-06-06,34,16.09,47.24,27.781,4.5,7.31,6.007
56-06-06,35,16.49,48.22,27.263,4.66,7.31,5.88
56-06-06,36,14.59,45.57,26.157,4.64,7.32,6.363
56-06-06,37,12.37,49.87,26.801,4.3,7.17,6.043
56-06-06,38,13.51,50.82,27.397,4.57,7.1,6.113
56-06-06,39,11.65,45.29,25.6,4.96,7.34,6.223
56-06-06,40,13.08,51.47,26.191,4.36,7.29,5.813
56-06-06,41,11.81,55.0,26.21,4.32,7.39,5.858
56-06-06,42,11.1,52.16,25.503,4.47,7.22,6.123
56-06-06,43,9.77,49.03,24.479,5.01,7.47,6.339
56-06-06,44,11.53,49.4,24.554,4.9,7.41,6.512
56-06-06,45,11.03,48.74,24.307,4.86,7.62,6.407
56-06-06,46,8.52,48.9,24.2,4.94,7.47,6.344
56-06-06,47,10.4,47.67,24.361,4.98,7.68,6.463
56-06-06,48,9.54,47.47,24.109,5.04,7.65,6.476
56-06-06,49,7.59,45.79,22.744,4.98,7.61,6.333
56-06-06,50,3.81,45.93,22.503,5.01,7.7,6.469
56-06-06,51,7.79,44.5,22.004,5.17,7.71,6.567
56-06-06,52,9.08,46.96,21.97,5.14,7.76,6.479
56-06-06,53,8.05,47.19,26.694,4.9,7.72,6.06
56-06-06,54,7.58,47.46,26.84,5.17,7.62,6.344
56-06-06,55,8.23,47.3,25.953,5.01,7.66,6.538
56-06-06,56,7.44,46.88,26.724,5.22,7.75,6.389
56-06-06,57,8.24,48.3,26.683,5.2,7.7,6.383
56-06-06,58,7.67,46.82,26.4,5.03,7.63,6.39
56-06-06,59,8.19,49.17,27.014,5.28,7.91,6.343
56-06-06,60,7.46,49.6,26.073,4.99,7.87,6.434
56-06-06,61,7.07,49.14,26.226,5.15,7.97,6.454
56-06-06,62,6.93,48.18,26.879,5.1,7.9,6.552
56-06-06,63,8.66,48.16,27.909,5.08,7.91,6.341
56-06-06,64,8.94,47.49,27.187,5.1,7.71,6.257
56-06-06,65,9.78,47.54,27.626,5.05,7.85,6.281
56-06-06,66,8.51,47.87,27.224,5.09,7.71,6.251
56-06-06,67,10.19,49.26,28.38,4.88,7.91,6.149
56-06-06,68,10.79,47.41,27.909,5.1,7.71,6.3
56-06-06,69,12.04,45.74,30.48,4.99,7.72,6.11
56-06-06,70,12.35,45.95,28.226,4.72,7.72,6.097
56-06-06,71,12.5,45.78,28.249,4.9,7.53,5.77
56-06-06,72,14.14,44.68,28.581,4.77,7.69,5.97
56-06-06,73,14.01,45.25,29.587,4.64,7.93,6.122
56-06-06,74,13.93,43.85,29.239,4.71,7.71,6.046
56-06-06,75,13.69,44.17,28.776,4.74,7.63,6.021
56-06-06,76,14.41,45.42,29.531,4.56,7.54,6.182
56-06-06,77,15.65,44.54,29.176,4.68,7.56,5.798
56-06-06,78,16.2,46.31,29.801,4.38,7.55,5.787
56-06-06,79,14.41,46.88,28.934,4.6,7.6,5.983
56-06-06,80,14.51,48.66,29.54,4.2,7.67,5.903
56-06-06,81,17.07,48.26,31.303,4.38,7.68,5.921
56-06-06,82,16.86,47.15,30.823,4.27,7.59,5.843
56-06-06,83,14.86,45.92,30.079,4.51,7.66,6.004
56-06-06,84,14.16,42.84,28.073,4.43,7.55,5.774
56-06-06,85,12.11,38.98,24.716,3.07,6.65,4.227
56-06-06,86,11.81,38.16,25.069,3.44,6.67,4.73
56-06-06,87,10.57,40.05,24.206,3.53,6.95,4.831
56-06-06,88,9.65,38.54,23.571,3.57,6.8,4.78
56-06-06,89,10.27,37.59,22.716,3.66,4.81,4.257
56-06-06,90,9.91,38.01,22.03,3.71,4.99,4.36
56-06-06,91,9.74,36.62,22.504,3.49,5.02,4.401
56-06-06,92,6.51,33.15,18.737,3.37,4.99,3.769
56-06-06,93,3.95,31.16,16.879,2.46,3.52,2.923
56-06-06,94,3.8,29.35,16.126,2.38,3.4,2.95
56-06-06,95,3.91,32.56,16.829,2.47,3.51,3.014
56-07-01,0,217.9,505.23,260.103,6.02,18.61,6.852
56-07-01,1,212.71,476.34,249.847,5.95,16.92,6.752
56-07-01,2,209.71,466.73,241.854,5.9,17.55,6.623
56-07-01,3,206.1,488.45,234.697,5.87,17.56,6.55
56-07-01,4,203.36,533.04,227.99,5.89,19.06,6.467
56-07-01,5,201.02,539.68,226.843,5.78,18.12,6.404
56-07-01,6,201.65,576.99,221.026,5.85,20.0,6.239
56-07-01,7,196.25,562.4,216.436,5.84,19.38,6.091
56-07-01,8,198.56,539.87,222.206,5.85,18.85,6.383
56-07-01,9,196.83,516.56,220.577,5.85,18.45,6.607
56-07-01,10,191.58,539.81,226.469,5.82,18.99,6.736
56-07-01,11,193.16,526.08,243.529,5.85,15.56,7.544
56-07-01,12,194.7,519.85,260.26,6.29,14.06,8.603
56-07-01,13,211.9,515.7,278.426,7.52,14.57,9.609
56-07-01,14,237.46,521.92,296.94,8.77,15.45,10.557
56-07-01,15,249.94,535.14,317.839,9.6,16.26,11.557
56-07-01,16,274.03,536.88,349.36,10.66,17.43,12.83
56-07-01,17,296.3,529.51,368.48,11.26,17.59,13.471
56-07-01,18,310.79,531.46,395.44,11.98,17.81,14.497
56-07-01,19,321.6,526.37,435.836,12.26,18.41,15.687
56-07-01,20,340.67,512.31,455.959,12.39,17.6,15.827
56-07-01,21,346.43,536.58,470.517,12.21,17.79,16.019
56-07-01,22,354.95,555.81,491.3,11.21,18.1,16.119
56-07-01,23,379.74,578.84,493.12,11.82,18.29,15.146
56-07-01,24,398.96,582.51,492.861,11.76,18.41,14.127
56-07-01,25,384.96,569.23,508.104,11.87,19.46,13.92
56-07-01,26,389.01,558.82,506.923,12.01,19.08,13.247
56-07-01,27,389.01,536.99,503.681,11.87,18.25,12.521
56-07-01,28,385.74,530.18,514.054,11.8,17.37,12.923
56-07-01,29,380.83,538.33,515.477,12.25,14.52,13.041
56-07-01,30,377.71,530.64,509.976,12.33,14.22,12.909
56-07-01,31,369.55,533.31,507.557,12.29,14.41,12.943
56-07-01,32,373.56,529.36,506.324,12.32,14.14,12.904
56-07-01,33,368.46,532.72,506.143,12.54,13.88,12.781
56-07-01,34,362.08,540.55,503.36,12.32,14.15,12.914
56-07-01,35,347.94,543.22,493.901,12.43,14.27,12.869
56-07-01,36,353.67,537.51,489.204,11.25,14.49,12.819
56-07-01,37,362.44,544.25,483.954,11.69,14.33,12.803
56-07-01,38,360.27,543.04,480.064,11.78,14.54,12.889
56-07-01,39,358.68,538.84,477.904,11.99,14.45,12.954
56-07-01,40,359.87,532.09,477.423,12.2,14.56,12.929
56-07-01,41,362.98,540.17,474.737,12.65,14.66,13.093
56-07-01,42,368.73,537.07,473.88,12.35,14.57,13.187
56-07-01,43,366.81,533.15,468.107,12.75,14.61,13.177
56-07-01,44,367.2,525.64,466.787,12.32,14.69,13.091
56-07-01,45,366.62,511.63,463.28,12.11,14.93,12.913
56-07-01,46,353.81,507.77,456.446,12.09,14.86,13.083
56-07-01,47,364.34,510.95,450.933,12.26,14.8,13.183
56-07-01,48,378.46,511.18,446.484,12.43,14.97,13.236
56-07-01,49,384.27,502.7,438.619,12.05,14.66,13.053
56-07-01,50,379.87,493.5,436.397,12.51,14.61,13.12
56-07-01,51,376.95,486.66,436.896,12.29,14.74,12.991
56-07-01,52,390.96,492.84,443.237,12.52,14.72,12.909
56-07-01,53,387.67,480.22,437.577,12.16,14.61,13.127
56-07-01,54,378.81,480.97,439.894,12.33,14.43,13.05
56-07-01,55,370.78,471.62,439.146,12.4,14.57,13.239
56-07-01,56,377.38,479.82,435.03,12.22,14.81,13.514
56-07-01,57,381.98,492.77,435.98,12.76,14.78,13.499
56-07-01,58,402.75,478.38,439.247,12.56,15.48,13.721
56-07-01,59,408.96,485.59,449.634,11.8,15.0,13.687
56-07-01,60,409.75,491.82,452.391,12.46,15.29,13.914
56-07-01,61,405.4,495.98,447.371,12.53,14.71,14.004
56-07-01,62,407.52,493.55,451.656,12.24,14.85,13.921
56-07-01,63,397.12,476.45,449.459,12.13,15.02,13.974
56-07-01,64,369.97,480.77,452.749,10.9,14.93,13.876
56-07-01,65,354.74,481.75,455.871,9.81,14.58,13.697
56-07-01,66,337.61,492.84,463.331,8.8,14.32,13.407
56-07-01,67,294.02,500.84,464.479,7.71,14.08,13.341
56-07-01,68,265.47,486.41,460.521,6.52,13.98,13.166
56-07-01,69,263.94,486.4,466.471,7.1,13.75,13.057
56-07-01,70,251.45,501.1,468.571,6.94,13.73,13.154
56-07-01,71,242.63,493.93,471.82,6.81,13.68,13.243
56-07-01,72,226.0,503.48,476.941,6.13,13.77,13.16
56-07-01,73,237.06,510.18,475.794,6.77,13.67,13.183
56-07-01,74,213.55,500.89,477.749,5.94,13.41,13.049
56-07-01,75,218.84,494.56,484.561,5.91,13.56,13.041
56-07-01,76,218.49,502.04,485.459,5.92,13.76,13.146
56-07-01,77,194.12,506.22,481.241,5.86,13.78,13.241
56-07-01,78,189.95,509.18,482.193,5.68,13.61,13.09
56-07-01,79,175.75,512.68,483.224,5.79,13.55,13.181
56-07-01,80,177.19,513.72,476.5,5.86,13.68,13.057
56-07-01,81,172.67,513.02,477.237,5.91,13.55,12.816
56-07-01,82,170.39,506.96,470.73,5.91,13.53,12.893
56-07-01,83,170.15,497.24,448.606,5.83,13.44,12.276
56-07-01,84,168.65,472.62,431.001,5.8,12.82,11.699
56-07-01,85,178.23,468.25,424.849,5.8,12.95,11.269
56-07-01,86,175.47,447.71,406.529,5.82,12.96,10.913
56-07-01,87,169.53,445.34,384.756,5.88,12.89,10.344
56-07-01,88,168.25,412.91,367.189,5.62,12.3,9.81
56-07-01,89,166.74,392.86,341.453,5.89,11.64,8.789
56-07-01,90,167.19,358.31,318.049,5.98,12.47,7.779
56-07-01,91,175.32,378.62,300.527,6.02,13.66,7.357
56-07-01,92,178.96,400.38,292.513,6.49,15.74,7.276
56-07-01,93,212.15,436.12,288.799,6.38,16.84,7.24
56-07-01,94,217.38,447.3,282.017,6.25,17.08,7.167
56-07-01,95,222.94,468.86,276.992,6.08,17.5,7.078
56-07-04,0,282.05,349.62,296.846,6.115,7.445,6.861
56-07-04,1,273.05,341.58,286.991,5.6,7.38,6.734
56-07-04,2,248.29,333.0,276.223,5.705,7.43,6.595
56-07-04,3,216.15,324.26,267.877,5.595,7.47,6.473
56-07-04,4,244.96,318.46,259.827,5.62,7.515,6.426
56-07-04,5,238.14,311.07,252.064,5.39,7.045,6.292
56-07-04,6,236.22,308.09,245.221,5.535,6.88,6.111
56-07-04,7,233.12,305.54,242.281,5.48,6.805,6.013
56-07-04,8,230.38,304.08,239.864,5.51,6.785,6.041
56-07-04,9,228.99,300.99,237.426,5.54,6.795,6.056
56-07-04,10,228.27,297.66,235.437,5.57,6.815,6.056
56-07-04,11,233.77,306.89,252.479,5.74,7.13,6.517
56-07-04,12,239.06,328.69,277.844,5.88,8.015,7.571
56-07-04,13,240.89,346.85,294.123,5.9,9.11,8.8
56-07-04,14,246.37,362.53,309.811,6.42,10.19,9.685
56-07-04,15,320.71,388.78,334.186,8.34,11.255,10.744
56-07-04,16,342.07,427.78,355.303,10.395,12.155,11.748
56-07-04,17,351.38,463.95,380.299,10.965,13.58,12.574
56-07-04,18,367.66,497.03,412.661,11.445,15.025,13.584
56-07-04,19,390.3,561.75,471.286,11.815,16.39,15.142
56-07-04,20,392.92,611.29,506.33,12.04,17.105,16.202
56-07-04,21,413.64,649.59,538.06,12.42,17.735,16.529
56-07-04,22,446.49,690.06,573.536,12.925,18.435,17.041
56-07-04,23,506.59,758.12,636.194,13.98,19.175,18.07
56-07-04,24,565.55,786.97,684.049,15.43,21.43,17.995
56-07-04,25,614.66,792.03,709.723,15.745,19.63,17.71
56-07-04,26,630.63,815.25,712.779,15.16,19.81,17.014
56-07-04,27,626.63,808.69,724.107,15.06,19.055,16.856
56-07-04,28,621.15,820.16,733.629,14.08,17.88,17.019
56-07-04,29,660.24,842.74,730.411,14.865,17.89,16.915
56-07-04,30,659.06,850.97,723.534,14.77,18.245,16.854
56-07-04,31,649.9,861.59,719.816,14.635,18.03,16.773
56-07-04,32,643.16,866.44,718.194,14.64,17.895,16.534
56-07-04,33,629.22,867.37,714.973,14.41,17.875,16.514
56-07-04,34,623.97,857.45,710.789,14.095,17.915,16.28
56-07-04,35,621.1,855.07,702.999,13.765,17.79,15.954
56-07-04,36,598.44,854.49,687.293,13.295,17.775,15.59
56-07-04,37,581.23,852.1,673.227,12.845,17.935,15.19
56-07-04,38,574.6,853.66,666.601,12.52,18.07,14.963
56-07-04,39,556.23,842.2,658.163,11.99,17.9,14.646
56-07-04,40,536.24,822.0,643.903,11.55,18.135,14.571
56-07-04,41,526.85,803.25,636.536,11.63,18.245,14.461
56-07-04,42,536.01,796.07,628.161,11.5,18.08,14.414
56-07-04,43,519.52,781.98,616.993,11.555,17.465,14.256
56-07-04,44,512.77,774.36,607.874,11.855,17.185,14.111
56-07-04,45,509.1,758.57,596.391,11.85,17.07,13.874
56-07-04,46,506.49,737.04,585.47,11.425,16.675,13.669
56-07-04,47,498.4,726.61,578.964,11.575,15.975,13.497
56-07-04,48,502.72,721.9,568.579,11.41,15.575,13.266
56-07-04,49,488.59,698.92,555.014,11.49,15.61,13.114
56-07-04,50,467.1,677.33,544.63,11.375,15.33,12.989
56-07-04,51,460.93,673.57,538.754,11.34,15.245,12.838
56-07-04,52,469.61,672.98,534.923,11.125,14.935,12.647
56-07-04,53,460.67,658.91,528.373,11.03,14.81,12.616
56-07-04,54,462.01,647.43,521.507,10.99,14.635,12.564
56-07-04,55,462.1,636.78,518.27,10.795,14.66,12.575
56-07-04,56,451.48,626.6,512.527,10.815,14.38,12.625
56-07-04,57,452.95,626.59,512.157,11.325,14.21,12.636
56-07-04,58,464.35,624.69,516.573,11.385,14.19,12.773
56-07-04,59,469.55,609.2,513.45,11.6,14.405,13.11
56-07-04,60,470.54,620.63,515.703,11.69,14.495,13.4
56-07-04,61,478.16,623.48,517.687,11.735,14.985,13.609
56-07-04,62,478.97,622.8,522.359,11.77,14.975,13.725
56-07-04,63,488.37,642.81,538.921,12.48,15.155,13.984
56-07-04,64,497.5,658.67,552.621,12.81,15.345,14.258
56-07-04,65,502.69,671.69,571.82,13.01,15.775,14.669
56-07-04,66,509.99,666.75,575.606,12.72,15.645,14.761
56-07-04,67,540.19,695.11,597.706,12.755,16.29,14.976
56-07-04,68,551.9,696.1,605.969,12.6,16.415,14.999
56-07-04,69,555.3,712.0,614.284,12.765,16.155,15.058
56-07-04,70,565.85,716.79,619.691,13.065,16.045,15.109
56-07-04,71,584.51,728.22,635.26,12.965,16.285,15.373
56-07-04,72,591.62,734.09,637.471,12.835,16.375,15.354
56-07-04,73,594.74,722.68,641.461,12.765,16.43,15.331
56-07-04,74,604.08,722.91,647.086,12.795,16.185,15.349
56-07-04,75,613.87,730.76,654.339,13.22,16.315,15.496
56-07-04,76,618.86,726.45,656.117,13.555,16.39,15.582
56-07-04,77,617.0,723.18,658.009,13.475,16.38,15.577
56-07-04,78,616.94,723.67,659.791,13.42,16.29,15.585
56-07-04,79,626.15,732.0,670.151,13.34,16.435,15.836
56-07-04,80,626.2,738.09,672.629,13.485,16.725,15.964
56-07-04,81,610.99,730.48,660.007,13.265,16.525,15.698
56-07-04,82,613.32,735.41,645.797,13.205,16.265,15.43
56-07-04,83,564.02,688.13,613.743,12.78,15.715,14.536
56-07-04,84,511.22,661.38,582.164,10.835,15.19,13.376
56-07-04,85,452.22,641.12,557.47,9.29,14.385,12.635
56-07-04,86,520.55,634.45,544.066,10.865,13.9,12.407
56-07-04,87,461.01,557.41,503.466,9.565,12.525,11.447
56-07-04,88,430.36,520.24,466.374,8.6,11.345,10.253
56-07-04,89,414.8,493.43,427.513,7.565,9.905,9.214
56-07-04,90,369.63,448.77,385.387,6.985,8.905,8.093
56-07-04,91,330.45,434.26,359.396,5.685,8.905,7.439
56-07-04,92,326.65,408.07,350.934,5.51,8.84,7.234
56-07-04,93,318.11,397.65,338.267,6.42,8.285,7.325
56-07-04,94,302.54,380.59,324.46,6.49,8.065,7.211
56-07-04,95,291.53,360.39,307.771,6.23,7.99,6.999
